domain_name,is_suspicious,threatType,platformType,Feature1,Feature2,Feature3
autodiscover.bocastaging.net,FALSE,,,0.224509871518324,0.142315874630754,0.702595535117473
sxmforever.com,FALSE,,,0.872706775305085,0.531308544887225,0.579570380712243
8wdee.com,FALSE,,,0.999633243304691,0.887421392473476,0.662070912675248
autodiscover.mitchscottart.com,FALSE,,,0.0773519019495209,0.541877147928968,0.724205798356331
aipdcw.fhlogmcustomer.com,TRUE,SOCIAL_ENGINEERING,ANY_PLATFORM,0.758759710946768,0.880279563798362,0.891910975805468
knowhow.stekgreif.com,FALSE,,,0.0318530795286333,0.697587297720906,0.645441122067293
app.portalredes.com.mx,FALSE,,,0.995712052461677,0.0811631240891539,0.439355415164733
template04.oafiliadomestre.com.br,FALSE,,,0.246659173311763,0.92988078651668,0.941782938223071
autodiscover.bocastaging.net,FALSE,,,0.0803431697642886,0.087741686979515,0.442373009932706
zoopetservice.ru,FALSE,,,0.571191226265903,0.830987410666053,0.844025144686279
sxmforever.com,FALSE,,,0.347110482371504,0.67067035969308,0.168078452478581
store.comune.mysterium.cz,FALSE,,,0.657052082671316,0.241912374608102,0.660463122288186
*.mnrik.com,FALSE,,,0.303174197680495,0.428488783429009,0.340443886911645
autodiscover.mitchscottart.com,FALSE,,,0.410800108028257,0.565215028207745,0.493673632208589
8wdee.com,FALSE,,,0.628643130990275,0.0186231640156832,0.628014954705696
aipdcw.fhlogmcustomer.com,TRUE,SOCIAL_ENGINEERING,ANY_PLATFORM,0.642502487860118,0.127071005109284,0.0708746456128158
template04.oafiliadomestre.com.br,FALSE,,,0.88836168778375,0.41112146603026,0.773224062237755
foodalem.com,FALSE,,,0.424888133829457,0.962078935358097,0.0141032888257449
online-guitar.ru,FALSE,,,0.767434294592849,0.737802151615762,0.983438798445738
b-tls-http01-prgbbofm.tls.9228.knative-boskos-41.kn-e2e.dev,FALSE,,,0.351188701218633,0.925209598276052,0.934412021148152
store.authsmtp.cornellphysio.ca,FALSE,,,0.982601289764946,0.166432505447612,0.972753460342227
server.elandigital.nl,FALSE,,,0.048261392816211,0.340361790820726,0.644391348892106
prolocosanminiato.it,FALSE,,,0.977959320280735,0.293988221023002,0.427362566062284
b-tls-http01-prgbbofm.tls.9228.knative-boskos-41.kn-e2e.dev,FALSE,,,0.201693433772016,0.5010460122947,0.933674370407249
store.authsmtp.cornellphysio.ca,FALSE,,,0.289623629637276,0.338137181248879,0.543652040204072
testsite.castlefoundation.org,FALSE,,,0.369578236484031,0.908246640683798,0.251430397341214
dev.magpapelaria.com.br,FALSE,,,0.245395979756148,0.622274660683288,0.292310030752675
staging.offhournews.com,FALSE,,,0.542758804006791,0.671557232169854,0.766860848760175
aloof.cl,FALSE,,,0.183947425186465,0.684105393389773,0.783471597095339
prolocosanminiato.it,FALSE,,,0.301877555163223,0.976357601515068,0.714662688247244
r-tls-http01-prgbbofm.tls.9228.knative-boskos-41.kn-e2e.dev,FALSE,,,0.534213402180858,0.361813737681522,0.880009062267129
dev.magpapelaria.com.br,FALSE,,,0.968285950880902,0.365755429071622,0.222679181455785
lamafer2.andreafranzoso.com,FALSE,,,0.293963197555583,0.097168255441383,0.235784228366563
magento.developer.ogobmen.com,FALSE,,,0.965471112808178,0.748509176704961,0.141694571939378
www.chrnet.de,FALSE,,,0.202058495511987,0.0879740688362053,0.860185880782526
*.lanciaservices.com,FALSE,,,0.955811352832613,0.740558334477491,0.763839369017662
r-tls-http01-prgbbofm.tls.9228.knative-boskos-41.kn-e2e.dev,FALSE,,,0.432830183777626,0.384181609920725,0.602518900860712
testsite.castlefoundation.org,FALSE,,,0.780137148216077,0.155711806245812,0.232662159683095
staging.offhournews.com,FALSE,,,0.806828533117322,0.292468446186829,0.48270803470192
ann.biz.ua,FALSE,,,0.244466959820827,0.472003399349686,0.932159285427478
esccotradingdmcc.com,FALSE,,,0.609408593612218,0.844806074737088,0.612396427130711
www.chrnet.de,FALSE,,,0.819007785658028,0.590320504676608,0.25722261473927
amapropiedades.allygame.cl,FALSE,,,0.463622494548908,0.692325089188089,0.00488788498661358
beatrizmcalleja.com,FALSE,,,0.317505373281718,0.845290748763515,0.340234343488804
lamafer2.andreafranzoso.com,FALSE,,,0.978489701893926,0.66936711531084,0.058680583854331
magento.developer.ogobmen.com,FALSE,,,0.174947936154662,0.650529213220259,0.245801943597934
*.lanciaservices.com,FALSE,,,0.831069197135169,0.0646832183061111,0.929456868746932
vm22222.karhus.cz,FALSE,,,0.97780800444622,0.765585355695109,0.543849254575142
esccotradingdmcc.com,FALSE,,,0.501882115350533,0.0533184586595188,0.430516875026697
template03.oafiliadomestre.com.br,FALSE,,,0.646018895518339,0.451206339599333,0.390122893711562
amapropiedades.allygame.cl,FALSE,,,0.0300163545304972,0.52971667254004,0.781861018093812
beatrizmcalleja.com,FALSE,,,0.472952130690491,0.894610458172739,0.247717474285774
test-5.staging.us-e.cloudfoxy.com,FALSE,,,0.236067065279507,0.377455922183293,0.380171552444337
alfa.timesharescam.com,FALSE,,,0.941033332005564,0.719817951119072,0.00473110563426766
arquimar.com,FALSE,,,0.472228416925466,0.423272818935725,0.345521834145715
rab.tschu-tschu.bayern,FALSE,,,0.252406443572171,0.0979678572038066,0.625839751572676
vm22222.karhus.cz,FALSE,,,0.818992726322443,0.19546963782544,0.63877005205011
template03.oafiliadomestre.com.br,FALSE,,,0.758871612373203,0.900662697341365,0.399641054267427
www.gwdesign.ie,FALSE,,,0.0540041270384566,0.966288816069257,0.143020661644134
autodiscover.eskisehirmasaj.net,FALSE,,,0.49828050058038,0.916279318627516,0.18078894574058
autoconfig.tp-cantal.fr,FALSE,,,0.139703765655853,0.871661674165084,0.60952802226067
arquimar.com,FALSE,,,0.451930564375876,0.974885455089098,0.757340852843119
bcmmax.tk,FALSE,,,0.524016169793835,0.192509417740093,0.116750676546024
pleizt.com,FALSE,,,0.0804296990222477,0.353929523096843,0.501477576997636
rab.tschu-tschu.bayern,FALSE,,,0.733527993584071,0.365897230937041,0.867353625470794
*.00d96831eff0a1f6cbec2b8e.keenetic.io,FALSE,,,0.645526102932725,0.0523310123954503,0.5647858108223
gooddate.club,FALSE,,,0.377916337256188,0.944280597260094,0.521437268028455
www.balancingtheboones.com,FALSE,,,0.688582131609447,0.553357195668727,0.324967614942403
shop.secure.fh-portalen.dk,FALSE,,,0.0982969976256173,0.334922159611347,0.552140415024353
localhost.ouestfrance-auto.pro,FALSE,,,0.203292696622735,0.560222288477843,0.806183853001299
shop.ifqunmkvlffq.marauderwines.com,FALSE,,,0.261710517843881,0.195666297724582,0.828834323782088
autodiscover.eskisehirmasaj.net,FALSE,,,0.983726045706835,0.827031343108107,0.439764662480467
elizabethcurl.com,FALSE,,,0.674664513515985,0.430666951335692,0.621604048858113
bcmmax.tk,FALSE,,,0.536735643128135,0.486666122579398,0.996382834850879
autoconfig.tp-cantal.fr,FALSE,,,0.897592908502179,0.152531451154582,0.533265155959657
socialengineers.de,FALSE,,,0.511065250643254,0.136406058926064,0.115601970456238
gooddate.club,FALSE,,,0.102572913997092,0.734958527176992,0.87315600611047
pleizt.com,FALSE,,,0.934532184934345,0.873221489613887,0.416777361484877
localhost.ouestfrance-auto.pro,FALSE,,,0.73210115274317,0.227013408450807,0.127503315915043
82-165-119-121.plesk.page,FALSE,,,0.104110489115239,0.295360718022292,0.523309820129834
blog.fullstackace.com,FALSE,,,0.412995331694261,0.729885402664752,0.344382058363117
www.zombiehood.com,FALSE,,,0.459086017988948,0.741903927718133,0.330612767171878
shop.secure.fh-portalen.dk,FALSE,,,0.354134300073177,0.618748023140566,0.195204144905996
www.balancingtheboones.com,FALSE,,,0.437460762978876,0.689432476972945,0.115631654714353
*.00d96831eff0a1f6cbec2b8e.keenetic.io,FALSE,,,0.136760536891469,0.208163592666402,0.456421160932951
ernaehrungsberatung-pusch.de,FALSE,,,0.856839527602749,0.121940724908119,0.277495465568985
shop.ifqunmkvlffq.marauderwines.com,FALSE,,,0.829113348310563,0.473037475731543,0.412762258827874
v17.combatevirtual.biz,FALSE,,,0.849670866519344,0.281692838027968,0.360375083803947
82-165-119-121.plesk.page,FALSE,,,0.730797257933276,0.270554294535106,0.585561035996261
socialengineers.de,FALSE,,,0.629029975968045,0.552326240858166,0.113862067645838
elizabethcurl.com,FALSE,,,0.532140995568723,0.621060530130238,0.0862046616165338
barcode.airsphere.de,FALSE,,,0.55165616947602,0.306740423895519,0.112503626963815
icyqueens.shop,FALSE,,,0.687243971793275,0.532133251178712,0.378726961187361
www.zombiehood.com,FALSE,,,0.223461841899956,0.200544129060982,0.450312137669921
veriscan-edu-vsuite.veriscan.se,FALSE,,,0.374101434298223,0.874532459283041,0.44615956535967
plesk.playmaxgroup.com,FALSE,,,0.521444178045631,0.147807122235934,0.178017092699987
www.theprovranch.com,FALSE,,,0.304595996928084,0.00173535606152361,0.531342161408552
blog.fullstackace.com,FALSE,,,0.997340332434878,0.317535388379871,0.66684333811745
store.affiliate.erhvervsbladet.dk,FALSE,,,0.886418304972302,0.918800000646248,0.516939949822985
barcode.airsphere.de,FALSE,,,0.334369205582691,0.959684773288165,0.227300193412365
v17.combatevirtual.biz,FALSE,,,0.93081377637529,0.765752446482589,0.556588276757762
*.c9925249ce3ce867c31ef01e.keenetic.io,FALSE,,,0.861822106002158,0.657507165980025,0.850242532321339
store.affiliate.erhvervsbladet.dk,FALSE,,,0.744220706599378,0.0260949312053487,0.900479508194861
destaalkade6.com,FALSE,,,0.507378239170853,0.210975547406877,0.328881576072972
veriscan-edu-vsuite.veriscan.se,FALSE,,,0.593829371744728,0.359261946100286,0.169892215666598
artemtrigubchak.com,FALSE,,,0.748765927092796,0.793364091887266,0.682855237728071
www.theprovranch.com,FALSE,,,0.307505638386636,0.419662168782451,0.514590210839875
plesk.playmaxgroup.com,FALSE,,,0.681228377793943,0.520083378833581,0.799282239698148
cabincrewlucy.co.uk,FALSE,,,0.727718621226786,0.0903057575778522,0.0549003805899614
icyqueens.shop,FALSE,,,0.0194036924930631,0.474696667583815,0.657879560239071
artemtrigubchak.com,FALSE,,,0.981640924165749,0.498278372212393,0.335944264409222
*.c9925249ce3ce867c31ef01e.keenetic.io,FALSE,,,0.59298823795606,0.997247754209845,0.806684810391671
www.designxsaber.com,FALSE,,,0.448585531773937,0.501652196147191,0.603438714947855
destaalkade6.com,FALSE,,,0.607878020140408,0.361684947288067,0.363135003089759
staging.developer.ogobmen.com,FALSE,,,0.699552937757782,0.421003415992785,0.310431820779861
cabincrewlucy.co.uk,FALSE,,,0.895899391945945,0.720572401463817,0.433432823541071
balancingtheboones.com,FALSE,,,0.461608562300448,0.352825105243947,0.570798968744069
www.designxsaber.com,FALSE,,,0.195303912863388,0.0570701878758943,0.939741219803825
helloalex-s.com,FALSE,,,0.563402154896023,0.778154233756097,0.538307444459297
www.3hillsres.com,FALSE,,,0.369503145259036,0.709351145247825,0.401850887021747
device-local-62caed20-f7a3-48d7-ba44-e9fea677caee.remotewd.com,FALSE,,,0.374406549237652,0.945043731935133,0.686144366454642
mail.mjms.pro,FALSE,,,0.936848292662107,0.896088955763718,0.626417040400294
ip.takipay.com.br,FALSE,,,0.103748195691205,0.128823760225528,0.966213099501105
test.developer.russiatube.online,FALSE,,,0.296260332071423,0.463735829335046,0.408119991495607
seattle-bellevuerealtor.com,FALSE,,,0.231824483728,0.62887364118742,0.912219258364938
staging.developer.ogobmen.com,FALSE,,,0.817221513680277,0.671743939244966,0.571461430864133
www.rachel-trimble.chasebroker.com,FALSE,,,0.850292259654681,0.264043372009425,0.807791266763721
www.hubyoga.no,FALSE,,,0.412505624808982,0.313061706929699,0.907994048197299
www.3hillsres.com,FALSE,,,0.735633917011558,0.956042444343039,0.595483595920837
helloalex-s.com,FALSE,,,0.335168010274199,0.452612677452315,0.416304758354893
mail.mjms.pro,FALSE,,,0.223096455708458,0.367932016953759,0.733236676183124
test.developer.russiatube.online,FALSE,,,0.946307611080663,0.965285492114172,0.630582552706325
ernaehrungsberatung-pusch.de,FALSE,,,0.601813732149065,0.543038839542433,0.205605906109133
device-local-62caed20-f7a3-48d7-ba44-e9fea677caee.remotewd.com,FALSE,,,0.592517579390206,0.793755964901982,0.0044707417073689
seattle-bellevuerealtor.com,FALSE,,,0.36813020689608,0.860341884932465,0.910695091551382
www.hubyoga.no,FALSE,,,0.524454113672994,0.474966842684213,0.637974919580938
cpanel.nuker-host.com,FALSE,,,0.370987506966636,0.226288274818439,0.400971846530639
test-3.staging.us-w.cloudfoxy.com,FALSE,,,0.730461625789399,0.669175566545602,0.498926902096368
www.rachel-trimble.chasebroker.com,FALSE,,,0.166086830862082,0.848574917590892,0.575358680814374
test-1.staging.jp.cloudfoxy.com,FALSE,,,0.781794878378914,0.272665124598082,0.146412811669186
*.124367217.my.q-branch.net,FALSE,,,0.149940313791755,0.0321894194000872,0.953386312861287
akademie.archiv.vdr-service.de,FALSE,,,0.663056354616532,0.991354915465984,0.682735152337165
new.previnfo.net,FALSE,,,0.0697410928437968,0.0416244390574895,0.84078910356647
*.8aeb6216db5969239aa1461a.keenetic.io,FALSE,,,0.00650083390122964,0.617710192158335,0.157765262946487
cpanel.nuker-host.com,FALSE,,,0.484769347242602,0.335685740019523,0.656780853205464
*.124367217.my.q-branch.net,FALSE,,,0.410261997473537,0.19000975705352,0.107641344751491
akademie.archiv.vdr-service.de,FALSE,,,0.432517707025417,0.97090390523187,0.127941962188137
new.previnfo.net,FALSE,,,0.138895842565741,0.886742885191232,0.249105962693053
middlingproductions.com,FALSE,,,0.339003119029632,0.109516230899632,0.535091505694125
api.acceptance.riveer.nl,FALSE,,,0.289870876074487,0.364394375210504,0.526019406528026
*.8aeb6216db5969239aa1461a.keenetic.io,FALSE,,,0.298633316423419,0.723662949923579,0.451126660136196
tobibot.trivernis.net,FALSE,,,0.468834536392505,0.126776791213989,0.359171861154945
middlingproductions.com,FALSE,,,0.961076406156941,0.0643643498306662,0.785148165860787
www.revivalediting.com,FALSE,,,0.200837392623025,0.412745754501505,0.414222078293428
luciaponcearq.com,FALSE,,,0.0307949595010469,0.0289345997587341,0.504941817924037
jtstocks.com,FALSE,,,0.421246683072773,0.32671979788877,0.944394357668164
www.revivalediting.com,FALSE,,,0.511460884123813,0.98669541913158,0.473792274750466
chatbot.cquantt.com,FALSE,,,0.790558488020067,0.971789123079399,0.870241866135004
www.newwaveac.com,FALSE,,,0.0211823983576304,0.413501954462106,0.430347150085391
autodiscover.the-daily-entrepreneur.com,FALSE,,,0.837130963586041,0.200918800977375,0.723794502110546
luciaponcearq.com,FALSE,,,0.0848639451134871,0.300136151533584,0.25617531479316
www.newwaveac.com,FALSE,,,0.440298876801143,0.103185590849721,0.757505831478034
greyhairmatters.co.uk,FALSE,,,0.471390453703645,0.183221210725651,0.94204637984179
tobibot.trivernis.net,FALSE,,,0.850431892396299,0.896143301431134,0.664008474621959
test.hosting-sites.top,FALSE,,,0.831048034314304,0.407406335830244,0.331064482093738
database.tlhr2014.com,FALSE,,,0.857533325546829,0.106345515499326,0.567187547792117
autodiscover.eskisehirmarkapatent.com,FALSE,,,0.564802528055428,0.905908740147788,0.222195342036981
cassini.tech,FALSE,,,0.773118060667484,0.839844289478639,0.778934677308317
chatbot.cquantt.com,FALSE,,,0.0885194776632793,0.363450189501744,0.801514704510082
www.angelaspillerphotography.com,FALSE,,,0.168873989493196,0.574217245010492,0.791633570904491
backpubgs.duckdns.org,TRUE,SOCIAL_ENGINEERING,ANY_PLATFORM,0.596487657689028,0.96364549088577,0.365218724464495
morgmariephoto.com,FALSE,,,0.220576436934715,0.0388453475292231,0.498657016530622
autodiscover.the-daily-entrepreneur.com,FALSE,,,0.308652052981426,0.0314196353197352,0.131730563356944
blog.lymeo.fr,FALSE,,,0.325886110780197,0.477874100037419,0.83726782983696
www.heinrichk.com,FALSE,,,0.135541258575258,0.18903145205235,0.540176201030862
heinrichk.com,FALSE,,,0.43369290073592,0.496189435276135,0.32726884385612
database.tlhr2014.com,FALSE,,,0.23300869954704,0.260985796798994,0.872439791188496
vandreamer.de,FALSE,,,0.936730750120062,0.486831076210926,0.0593307587181821
www.thekimshoppe.com,FALSE,,,0.911322142055901,0.760558892579825,0.516481909285295
test.hosting-sites.top,FALSE,,,0.28895148606236,0.455899083138322,0.338449942207256
heinrichk.com,FALSE,,,0.67718271759583,0.537109798209223,0.690545869076632
greyhairmatters.co.uk,FALSE,,,0.835629096301828,0.756666529046506,0.445465702739002
autodiscover.eskisehirmarkapatent.com,FALSE,,,0.406599982055988,0.471720362871716,0.418366274237088
www.angelaspillerphotography.com,FALSE,,,0.371478725157465,0.362900971995953,0.293198496887573
cassini.tech,FALSE,,,0.20173052987712,0.182313582402043,0.115918824221082
earlofealing.com,FALSE,,,0.577670230270115,0.382969878828196,0.511685164750681
api.acceptance.riveer.nl,FALSE,,,0.520935570879753,0.83660879239649,0.706047606096487
backpubgs.duckdns.org,TRUE,SOCIAL_ENGINEERING,ANY_PLATFORM,0.426768058709022,0.397845091061191,0.151246157767944
morgmariephoto.com,FALSE,,,0.629923426359147,0.0590029653851358,0.294604316107129
www.thekimshoppe.com,FALSE,,,0.135760996467394,0.639516440933891,0.861961191446563
www.heinrichk.com,FALSE,,,0.842870747964122,0.664779725860319,0.192179057613124
www.doestheheartgood.org,FALSE,,,0.297412015317816,0.5779775703575,0.83650152396172
blog.lymeo.fr,FALSE,,,0.430845603039654,0.843144594215948,0.192079416749285
vandreamer.de,FALSE,,,0.943055493436952,0.537137801147504,0.0481531187231807
pack-modern.com,FALSE,,,0.388835797500137,0.95389675407561,0.866286011146946
www.tburroughs.com,FALSE,,,0.38592314175701,0.999564412109786,0.122631423373602
www.doestheheartgood.org,FALSE,,,0.209875406993915,0.682523001445428,0.512216256206622
mindfulwriter.com,FALSE,,,0.0388646437044842,0.742158273879961,0.565035388619416
pack-modern.com,FALSE,,,0.765831656219533,0.824043455452716,0.379217337137149
stmoritzluxuryapartmentsforrent.com,FALSE,,,0.462170688397429,0.962932206957101,0.758758421817
dori4k.com,FALSE,,,0.612445990496639,0.0859083795575015,0.45207633916133
webreguest1.jolu.games,FALSE,,,0.751344188206816,0.458255623948607,0.882340862394174
www.tburroughs.com,FALSE,,,0.491294322672547,0.809625807609996,0.608869762618443
mail.skyexpress.us,FALSE,,,0.679175097719111,0.551894586403199,0.0765068410097795
mindfulwriter.com,FALSE,,,0.444912704359158,0.0309106304300767,0.749706879328003
device-local-f085f80d-b5b1-4795-b004-437a84acd4e5.remotewd.com,FALSE,,,0.470183966117252,0.336048651610369,0.0883777793852152
stmoritzluxuryapartmentsforrent.com,FALSE,,,0.761829418966185,0.643382125950859,0.99369964691996
autodiscover.zangmansion.com,FALSE,,,0.296818525780844,0.759462233691725,0.736190573009823
www.torchcinema.com,FALSE,,,0.301841344835124,0.412795898060843,0.00396674468074471
autodiscover.istintre.com,FALSE,,,0.0513109114084968,0.679997220244782,0.0738924107772496
device-local-f085f80d-b5b1-4795-b004-437a84acd4e5.remotewd.com,FALSE,,,0.63507628368602,0.878228542154805,0.551530180735702
eletroarq.com.br,FALSE,,,0.0889453024290634,0.756650267840975,0.151094672895318
www.torchcinema.com,FALSE,,,0.903580921837186,0.191409549370772,0.230442597100813
autodiscover.avmmultimedia.com,FALSE,,,0.712003434478685,0.968354139426434,0.275023379758138
www.stevehowenlawoffice.com,FALSE,,,0.792783191644585,0.626133581446476,0.88839457351255
autodiscover.istintre.com,FALSE,,,0.920248709114875,0.306415194073786,0.231449670853356
www.nikitasampath.com,FALSE,,,0.757768951662943,0.974968265959205,0.857685958179808
www.rearhouserecording.com,FALSE,,,0.129782735047772,0.675111540092745,0.0192887917663885
testopenid.devstack.work,FALSE,,,0.287989948110201,0.205990302026542,0.951706704231914
ldwoldringhnotary.com,FALSE,,,0.451825768942383,0.204927832963814,0.144753738019855
rookworst.raspberryip.com,FALSE,,,0.694606862022088,0.0409179710038405,0.937290430163648
jackal.nsuers.com,FALSE,,,0.28222841393631,0.991499625506202,0.534405905099435
jackal.nsuers.com,FALSE,,,0.900725607393148,0.970438419183622,0.992780043944217
magento.developer.iskylib.net,TRUE,UNWANTED_SOFTWARE,ANY_PLATFORM,0.051632856464691,0.0276629149653402,0.176887965388541
b6-151234.com,FALSE,,,0.330297049507813,0.768005544923942,0.0439168340770354
markingstower.com,FALSE,,,0.852866026607714,0.595123429974801,0.833176491895233
www.hepasair.com,FALSE,,,0.244536990631455,0.760674792099618,0.327533940381639
autodiscover.mercyinstitutecdw.org,FALSE,,,0.261044092346834,0.893808480518972,0.502728735595359
test.developer.sci2u.dk,FALSE,,,0.429952404855783,0.107173107012753,0.0716134178824872
www.brownsville.heritagenw.com,FALSE,,,0.102478484063162,0.764518241779521,0.723479973004827
www.naotfootwearatprairiedogonline.com,FALSE,,,0.0880379017730826,0.622950384644961,0.884652453556214
baldursextendedworld.com,FALSE,,,0.123948779050721,0.408933198073565,0.773567124855575
english.soccerstyle.com.ua,FALSE,,,0.584995738383511,0.557865710444626,0.636400118819989
www.godeepbreath.com,FALSE,,,0.215656211275517,0.982020049110336,0.630435694846474
autodiscover.hallowedspace.com,FALSE,,,0.782101849187142,0.649868831404325,0.535462563897126
www.flawlesshairdolls.com,FALSE,,,0.232376669888441,0.0974748707388117,0.993856650830212
gr2.7mm.in,FALSE,,,0.891129613678273,0.750816701567668,0.35476626039083
arcademonsters.com,FALSE,,,0.879154757748385,0.438874856674415,0.491135990760416
*.crunenarconbows.tk,FALSE,,,0.155562465100393,0.200399010907857,0.924131925307264
shop.mikemahle.com,FALSE,,,0.676049855322471,0.00559866063609715,0.61872577726575
www.tlc-laser.de,FALSE,,,0.543347702146857,0.897530614014008,0.649010268066397
*.ded5f15192b138392d04ac37.keenetic.io,FALSE,,,0.603941652775708,0.0150153791849773,0.17934888655878
*.d67a33daaf0b079405de1848.keenetic.io,FALSE,,,0.611234350864269,0.957570469831713,0.741555630329017
peakimpactconsultingservices.com,FALSE,,,0.628182204173222,0.765810030241282,0.727138678254711
ewawein.pl,FALSE,,,0.313519582400016,0.92708853993003,0.397872913841442
otm.wpdev.com.au,FALSE,,,0.550962532154681,0.74339786420757,0.430154043739226
sudocremnetwork.orbitalmedia.com,FALSE,,,0.10532267789468,0.086602963343696,0.727937056825716
wetbrush.it,FALSE,,,0.452438393406242,0.319071523332372,0.640987712976689
d3qj0hnzro09tz5n.myfritz.net,FALSE,,,0.910501209757238,0.9375953866981,0.227674516340459
osf-headless-bd2.herokuapp.com,FALSE,,,0.0283173747108508,0.223838053535088,0.73531764591968
shoples-aimants.com,FALSE,,,0.341107318974507,0.481521255394607,0.352898518488768
kristammiller.com,FALSE,,,0.164728958288074,0.555220137114189,0.618606373124601
joshachmang.com,FALSE,,,0.675008907319678,0.0847064303926926,0.827505415189585
ensembleatable.fr,FALSE,,,0.404148774449716,0.868045215469207,0.81033561485251
fahranfaengerversicherung.com,FALSE,,,0.483608043354982,0.480287843803004,0.0280410780204345
ankarakirdugunu.net,FALSE,,,0.494836843653717,0.178136503577252,0.817954255686296
cioos.be,FALSE,,,0.475369264099406,0.96645386660846,0.21209512669844
staging.developer.hojyokin.work,FALSE,,,0.9688522887666,0.458428145405072,0.0840426298812641
media.ebb.pw,FALSE,,,0.962692616439654,0.109326594834373,0.704352054624526
*.b504fc38e887150933aaee29.keenetic.io,FALSE,,,0.492384077575748,0.972182321491503,0.245439132592596
tkparial1.xyz,FALSE,,,0.282013314841484,0.821066048168659,0.547453645102437
shoples-aimants.com,FALSE,,,0.55045953829407,0.512960327093857,0.623417384892692
autodiscover.eglisebethelakwa.cm,FALSE,,,0.167460670219126,0.138742652510329,0.344534343184696
daisyandmedesigns.co.uk,FALSE,,,0.889011464924781,0.410809859704307,0.938131149072232
autodiscover.eskisehiranaokullari.net,FALSE,,,0.185452501702285,0.99530375680706,0.0409218296985719
autodiscover.narrate.sg,FALSE,,,0.0674235002894521,0.294848474375585,0.65406359068467
www.boprey.com,FALSE,,,0.773365670484483,0.583186372729992,0.325203899556484
www.theboxhouse.cl,FALSE,,,0.32470475084216,0.231742127886077,0.320495608049605
www.yutaaaai-blog.com,FALSE,,,0.716029459098687,0.0851535235817865,0.538851558531601
*.ambulancecasa.ma,FALSE,,,0.696104485681051,0.580793627528413,0.873892077585756
hellocode.store,FALSE,,,0.268690306143185,0.493032649529984,0.934361701550947
ascentionbeauty.com,FALSE,,,0.182470927741321,0.654327830231045,0.441734998747881
*.sflya.mesh.mongodb.net,FALSE,,,0.739216867268766,0.570170966436649,0.923456048389064
www.refugefloral.co,FALSE,,,0.260006435687505,0.547303088101051,0.112080202921388
www.onemagicplay.com,FALSE,,,0.98742469669518,0.691215906635556,0.85527685737805
altuspixel.abogadosmg.com.mx,FALSE,,,0.994708654071098,0.933980861998742,0.428003963646717
nowshop.ltd,FALSE,,,0.713917946675495,0.325652996912859,0.442387334464267
*.mrcctl.com,FALSE,,,0.511124447964552,0.385133001411442,0.219107258270563
c25.compute.pao1.edc.strln.net,FALSE,,,0.712056948975069,0.774040544337483,0.0380414017230426
straightedgelincoln.com,FALSE,,,0.179756804517039,0.375222866966408,0.922630602830388
timsspace.com,FALSE,,,0.395877821403847,0.415879223449855,0.885006470867091
muuvmobility.com,FALSE,,,0.264900616541697,0.00730414413927146,0.444777380753942
srverne.com,FALSE,,,0.0521398074817684,0.280922073067742,0.69963028994857
*.helsingor-fodterapeuter.dk,FALSE,,,0.533362248685769,0.0560695709296941,0.613665921632274
tarajessicasmith.co.uk,FALSE,,,0.426983330824867,0.520893977765261,0.656922975720753
autodiscover.firstratefreight.net,FALSE,,,0.527587036472611,0.500579190787899,0.112823491090962
nowshop.site,FALSE,,,0.390294644774311,0.98046093748078,0.0581540130170647
*.envoyyakit.com.tr,FALSE,,,0.439372147157443,0.974506916045875,0.286351384439415
narrowgaugestl.com,FALSE,,,0.0495011186522186,0.385943804468288,0.937920759818333
*.didyousee.com,FALSE,,,0.197469380781865,0.609198888282917,0.779671375969065
autodiscover.horizonthink.com,FALSE,,,0.890552106447054,0.0935822834246085,0.0502092641545906
cpanel.unidosenoracion.live,FALSE,,,0.941093345956937,0.955613138189225,0.88764063327316
scep.114598837483706.meraki.direct,FALSE,,,0.551820938703965,0.328218223320052,0.248821562160664
www.bonnesemaineshop.com,FALSE,,,0.212319782212883,0.910154312939886,0.957293547062415
nerdybug.com,FALSE,,,0.545106621765773,0.90977112029552,0.87805390316276
tratwy.pl,FALSE,,,0.106257333117654,0.0816213214044319,0.321847649834688
autodiscover.formedge.ca,FALSE,,,0.647694882261012,0.206900044466062,0.367116174876098
family-and-home.ru,FALSE,,,0.91535985767842,0.783029209459703,0.576052779467259
store.secure.fhbidrag.dk,FALSE,,,0.659728457811451,0.580908045711592,0.875386534142282
cpanel.creativepastimesinc.com,FALSE,,,0.954955212008276,0.88002481312208,0.136316348867378
autodiscover.fanfictionbuzz.info,FALSE,,,0.830567996041375,0.246514212498756,0.273619423834436
golde85.com,FALSE,,,0.923167322430059,0.345083856480042,0.156286039301517
www.lisamiletic.com,FALSE,,,0.686125641870033,0.252982173399874,0.258673302805113
www.noworries.life,FALSE,,,0.496385664836204,0.852299443488705,0.21602718436649
ahcadv.com.br,FALSE,,,0.834971768515002,0.420861851616912,0.0900385747078881
fundecopi.hoteleslaquinta.org,FALSE,,,0.148160419195702,0.663086777107452,0.936153293616056
lifestylecondogardens.com,FALSE,,,0.242726378596514,0.165352408857482,0.203555268477343
halifax-authorisation-security-check-onlinebanking.link,TRUE,SOCIAL_ENGINEERING,ANY_PLATFORM,0.832693626103252,0.951277224759474,0.844597141700344
device-local-d05a7f8d-7ed3-4c06-8e16-313d0612228c.remotewd.com,FALSE,,,0.696557555764782,0.219094305284531,0.9927768681276
kerico.es,FALSE,,,0.198956426472939,0.263852181934821,0.286659892705056
cpanel.hotelplayadevaldelagrana.com,FALSE,,,0.263910431639236,0.917296453770282,0.108548754673247
nort-ibiza.es,FALSE,,,0.466839749043181,0.337204882364212,0.357470396075702
schweinchen.oink.army,FALSE,,,0.752684208967542,0.53614986872482,0.199703146583442
michelafrisoni.it,FALSE,,,0.508574780154752,0.209344037556871,0.223649872440764
autodiscover.eskisehiranaokullari.net,FALSE,,,0.0165813379857172,0.593493645110322,0.834878053760777
www.boprey.com,FALSE,,,0.572473836602119,0.171547458675106,0.524130999809176
topmehna.com,FALSE,,,0.711662529892076,0.42512665745164,0.453276932619598
cranbrookfoodaction.com,FALSE,,,0.884059515812149,0.835283117190026,0.145256417307066
avtosprobegom.bryansk-vw.ru,FALSE,,,0.411239113049815,0.0740840014798902,0.192804910077466
its-intercert.com.br,FALSE,,,0.558815898981963,0.721285114915723,0.391513506378058
www.unwinedmanor.com,FALSE,,,0.542761611252077,0.354462750779165,0.457816728707004
gungorayakkabi.akinsofteticaret.com,FALSE,,,0.632785527106499,0.268529289786262,0.898378644262635
www.vimetea.com,FALSE,,,0.00234382302758799,0.422384153407894,0.838659966876255
lusitano-vendee.fr,FALSE,,,0.042672726881032,0.828075063681192,0.241843255620622
thasongbird.com,FALSE,,,0.567428964308529,0.129559169229816,0.047076919607084
mtcarolinas.com,FALSE,,,0.587604451792167,0.543060688569094,0.659213952241621
esprit-papillon.com,FALSE,,,0.817960213479761,0.239186974908974,0.650248161314567
love.appobs.com,FALSE,,,0.924223933488498,0.25916094587282,0.775050877572529
www.thevtgrack.com,FALSE,,,0.541503095543583,0.130541706062572,0.880927121193376
www.yutaaaai-blog.com,FALSE,,,0.511528723033439,0.479629260874123,0.505927740644226
www.vimetea.com,FALSE,,,0.339590132947783,0.324060378905225,0.659396308007703
test-26.acmetestbykeychestdotnet-103.xyz,FALSE,,,0.956445117628531,0.150997893772631,0.870741493902151
test-26.acmetestbykeychestdotnet-103.xyz,FALSE,,,0.488551465332106,0.956574594900094,0.323001930298086
*.0518ae429f7a00da63481753.keenetic.io,FALSE,,,0.763496818880014,0.0815095295492775,0.996057619388866
www.joycearussell.com,FALSE,,,0.0706857782940343,0.627483634485995,0.689579970926741
shopwithluza.com,FALSE,,,0.240526322938828,0.933682721226769,0.0885495502729584
autodiscover.torohomebuyers.com,FALSE,,,0.206651730469261,0.963750662736595,0.802430033686902
9gv9v429iwxotjc2.myfritz.net,FALSE,,,0.912252396467837,0.195283186942899,0.0411657522929842
julia.fotografiaszczescia.pl,FALSE,,,0.722454225496501,0.779321927287835,0.685342015350938
atlantishairsalon.co.uk,FALSE,,,0.809581309406706,0.299359432166513,0.732960383218634
stream.wisatamu.my.id,FALSE,,,0.132403404724349,0.679747737353409,0.344280915220625
hakhlakot.com,FALSE,,,0.984864707537079,0.795647326090552,0.713986993026554
*.thyssenklanen.dk,FALSE,,,0.865509441552946,0.146081578982326,0.825724362735772
www.thewildygroup.com,FALSE,,,0.195985659606967,0.0713030106697304,0.873808383403606
www.lebeaukraamcadeau.nl,FALSE,,,0.532911742756445,0.0151543514522296,0.770899638434135
alte-schule-mettlach.de,FALSE,,,0.0406294899851229,0.981919594640066,0.857300097330404
gregoryandjessica.com,FALSE,,,0.506164710772545,0.605542548850791,0.413854849188798
by-junwon.com,FALSE,,,0.859046503107883,0.0932328703964991,0.0991329983057294
www.prettycasualshop.com,FALSE,,,0.810694541777704,0.524358142749512,0.0438075378867961
*.mrcctl.com,FALSE,,,0.621349984888641,0.131839203968891,0.322968177207073
retrofutro.com,FALSE,,,0.334129313156859,0.430085076931505,0.948696612252617
*.ligosouselcsibb.gq,FALSE,,,0.455865974055449,0.462318552171254,0.79245621473841
www.drivecyber.com,FALSE,,,0.360496751419701,0.864710734142563,0.0624342480142392
www.chameleonhat.com,FALSE,,,0.0813502140868284,0.404377110627013,0.652425076313617
test.developer.sci2u.dk,FALSE,,,0.750499706205366,0.829988331300121,0.340142200086598
autodiscover.not-making.com,FALSE,,,0.0384563366086092,0.525917771315025,0.0670726811578663
www.takatakboyonlineph.com,FALSE,,,0.943495338414011,0.837805651934915,0.241476982153802
www.hunab-ku.es,FALSE,,,0.0435582169668877,0.790730014854176,0.625358507244683
www.lumenry.com,FALSE,,,0.612223864315457,0.652345380734049,0.443534926861396
www.4hcampoverlook.org,FALSE,,,0.0178053659314291,0.972351967653249,0.561258455343827
mail.valemounthotel.com,FALSE,,,0.259666272450401,0.158454804127884,0.853660831897032
hardafuciontarueie.zendesk.com,FALSE,,,0.12147680488758,0.81113105929134,0.154045927204053
war.pootysbooty.com,FALSE,,,0.587117984534036,0.221657335696858,0.908690499267885
staging.dev.ethereumpostage.info,FALSE,,,0.549021272625751,0.688609238133769,0.232498696723988
autodiscover.cmcarwash.com,FALSE,,,0.205711098827693,0.538400509367209,0.827178394415624
*.1p33a.azure.mongodb.net,FALSE,,,0.561539175623985,0.122646620177751,0.906011355627138
*.7d257dbe95d2026bd4c39247.keenetic.io,FALSE,,,0.612192062114419,0.13362439297561,0.118565573537252
staging.openxeducation.com,FALSE,,,0.955359979998914,0.205188460538769,0.439707896025703
www.plantrightnow.com,FALSE,,,0.927805127865706,0.627337201115047,0.688974311668592
caviarhomez.mithilagroup.com,FALSE,,,0.890536411493101,0.122605858249954,0.714070630376557
bluepowerenergygroup.com,FALSE,,,0.28580164246585,0.403245046311702,0.536758882680744
cf.kalisz.pl,FALSE,,,0.701447014758333,0.61586552029934,0.142805379172694
daisyandmedesigns.co.uk,FALSE,,,0.8495370565587,0.930322247101234,0.52419302816305
*.860c17c345b7f062e097110d.keenetic.io,FALSE,,,0.963745288861572,0.215517308432438,0.628032577211735
mellodeethai.com,FALSE,,,0.415358130976494,0.374153365745886,0.420622065631618
www.opticka.com,FALSE,,,0.304555672858773,0.324391531099624,0.84999067921294
patronatoinas.ma,FALSE,,,0.684179465030966,0.739217171013039,0.243122067211603
www.bunbedsforpets.com,FALSE,,,0.142229048909049,0.629746790834968,0.956435177598181
alliance.reawebbooks.com.au,FALSE,,,0.772316838841756,0.456704012228347,0.510345504146478
cloud.dogpoo.club,FALSE,,,0.117976566403875,0.512854647626753,0.868774642961134
autodiscover.eglisebethelakwa.cm,FALSE,,,0.830918569289656,0.487774162767232,0.477802904976687
moja.zochova.sk,FALSE,,,0.200510006476584,0.468447373697884,0.0901565816191153
test.appcink.com,FALSE,,,0.108445113915641,0.00423993616204282,0.498914079815735
*.ap-southeast-2.es.amazonaws.com,FALSE,,,0.0391253383698349,0.499480275413565,0.761162988253095
alra2.com,FALSE,,,0.555649465382102,0.0180439391702937,0.765867930705376
thebluetwofew.com,FALSE,,,0.00218826264553101,0.315683101675848,0.113394200863187
*.canary-f91e657231c.40wl1z.c1.kafka.cn-north-1.amazonaws.com.cn,FALSE,,,0.423237402999418,0.607960633535496,0.950811259738913
device-c44e1dbb-2404-4952-95c8-920a5df6b808.remotewd.com,FALSE,,,0.41230024444059,0.125055835277406,0.0853774526187081
cpanel.nitcoairbd.com,FALSE,,,0.658946160573555,0.900800869701308,0.244244607175596
hesstownhomes.bringbackthemac.com,FALSE,,,0.17954522782696,0.933123784884441,0.046609227794854
*.crunenarconbows.tk,FALSE,,,0.219196903650801,0.154024358670895,0.169800552121823
www.airinfinity-offical.com,FALSE,,,0.80109973600187,0.227050556118068,0.641932107217546
gabrielbrenner.com,FALSE,,,0.606745065156867,0.963032221793925,0.159304052578014
cpanel.woopywoops.co.uk,FALSE,,,0.750808783283223,0.768079581025917,0.32556078539595
shop.bronxteesofficial.com,FALSE,,,0.351488482339881,0.0768485371634002,0.978128258549657
www.flawlesshairdolls.com,FALSE,,,0.717282167448371,0.547387661236512,0.632602759536847
annsport.ru,FALSE,,,0.189815032260644,0.151072727766822,0.548140117705998
autodiscover.lethinhlanhlaservices.co.za,FALSE,,,0.512654395296689,0.181687067456807,0.949483169704749
ironfitness.store,FALSE,,,0.528569407677815,0.518685499338161,0.849218171497465
moja.zochova.sk,FALSE,,,0.884725964193427,0.294624456521921,0.343450055830114
www.alevjewelry.pe,FALSE,,,0.357612365741925,0.794213610592932,0.231903599475725
saldoxgastecnici.com,FALSE,,,0.77535763988153,0.261612543460607,0.924816774130094
staging.secure.fhbidrag.dk,FALSE,,,0.60145746645801,0.859168236940818,0.162380955185667
eidservicios.com,FALSE,,,0.666851309503217,0.578972210267132,0.619145619850102
cpanel.woopywoops.co.uk,FALSE,,,0.682635126093942,0.303946059902745,0.278624576063229
testcloud.radiciaps.it,FALSE,,,0.638709823220834,0.276508912175828,0.335618434944822
autodiscover.costulessrealty.com,FALSE,,,0.147225072139128,0.73317806304905,0.255211693982311
rightsaving.com,FALSE,,,0.363954200806445,0.790835231045694,0.0186173349454802
access.xploit.be,FALSE,,,0.557629614182119,0.156891729285742,0.48464660192956
ru.mabookingdom.com,FALSE,,,0.162717560460398,0.928243640146093,0.897921870734064
login.preprod.ice.prod.aws.scania.com,FALSE,,,0.0138014134575968,0.205371801558802,0.500013268980315
leadmensretreat.com,FALSE,,,0.21865729685599,0.0248644944810808,0.545124701727571
torgmagdp.space,FALSE,,,0.109881706601714,0.222320756308211,0.703855653664332
amb-cs.fr,FALSE,,,0.952292566494076,0.295138662819606,0.0834914472564405
autodiscover.ezlab.com.tw,FALSE,,,0.634962812491258,0.674277830886528,0.358823148834427
*.apple4life.keenetic.pro,FALSE,,,0.771268826214917,0.16750657381418,0.473168344879642
*.rulmanapp.com,FALSE,,,0.116298823108301,0.539764212293279,0.872437250946762
thisteacherruns.com,FALSE,,,0.535631750431398,0.724546201158032,0.237889722795695
multibearing.com,FALSE,,,0.943913400192987,0.416796833793902,0.533843702488441
steelframesolutions.co.nz,FALSE,,,0.252496788382489,0.555782007668541,0.591999083494419
device8528122-3ccdf9e5-local.wd2go.com,FALSE,,,0.789204094249795,0.966652050321534,0.758829182062261
xy8655.com,FALSE,,,0.564781532586648,0.486719512261762,0.974444585294379
visiblegraph.com,FALSE,,,0.136265137702491,0.687943566827267,0.217755756493772
www.thevtgrack.com,FALSE,,,0.341783520949307,0.939786990648878,0.722304103978281
*.3734shop.com,FALSE,,,0.29612548074404,0.406987704244057,0.285043674033811
test.developer.gseo.ch,FALSE,,,0.755688448101784,0.000240701907726147,0.431091135345126
ankaraavukatlar.com,FALSE,,,0.581282039143136,0.234181311949436,0.731205154025096
www.darkmelanin.com,FALSE,,,0.690640317468407,0.62293809878697,0.543225337703225
autodiscover.oo-zi.com,FALSE,,,0.411596685087116,0.916902646225407,0.181860868864119
autodiscover.techprosoh.com,FALSE,,,0.184553125724154,0.678111623588329,0.321494279251264
*.somaticbodywork.net,FALSE,,,0.747888010491459,0.672046217216427,0.421794339027468
old.dev.eth2020-club.com,FALSE,,,0.600800699414828,0.653895188020819,0.506293146936561
eleflorida.com,FALSE,,,0.808853982594791,0.792003781486406,0.932013023689693
shoples-aimants.com,FALSE,,,0.86155858846564,0.644469642381477,0.0860176157773609
api33.funedulearn.com,FALSE,,,0.303059741106905,0.886118821695996,0.967579903023172
autodiscover.c3safety.site,FALSE,,,0.657466626919643,0.768970600441285,0.803267713036849
www.steelcut.design,FALSE,,,0.999875361123172,0.0243114916301429,0.132615989704111
www.bosscoopjapan.com,FALSE,,,0.633488250755086,0.0512387123598443,0.394798602506784
acp.fiber3d.ru,FALSE,,,0.460894906792844,0.415479328927174,0.71650517831964
relatosoriginales.com,FALSE,,,0.810699322353951,0.619328901092423,0.882812222363396
uzunomeroglu.net,FALSE,,,0.436726099282038,0.55401136139796,0.582569946090674
design-system.internal.cto-notprod.homeoffice.gov.uk,FALSE,,,0.456322580255944,0.584445419048364,0.141836835293831
subtilstudio.com,FALSE,,,0.511967105326588,0.0235239059719155,0.361720566150888
testapi.safinna.com.ua,FALSE,,,0.351052252961226,0.523849583467558,0.921816350933327
english.soccerstyle.com.ua,FALSE,,,0.539019113134545,0.757568957910804,0.957992856391182
old.developer.ozlonaffiliates.com,FALSE,,,0.248260123091226,0.983057139299596,0.485900457713848
pfaelzerweg.de,FALSE,,,0.366355529071125,0.80888824027574,0.381546005306319
www.bonnesemaineshop.com,FALSE,,,0.0790725319276103,0.314567778702919,0.215314985152505
randomboyz.soren.in,FALSE,,,0.371268195472113,0.543948590553951,0.83000953927981
jonloyamusic.com,FALSE,,,0.837973481682811,0.947988124573893,0.898540164262481
design-system.internal.cto-notprod.homeoffice.gov.uk,FALSE,,,0.465564440186123,0.725422749100112,0.35270564904904
*.ca4f27560b0803da9e12d925.keenetic.io,FALSE,,,0.0226719643248608,0.436014666008907,0.53629752854532
mundoservices.com,FALSE,,,0.720701418849428,0.602953349374869,0.410854272402362
*.luxdorph.com,FALSE,,,0.373025318741376,0.768604411568188,0.251867849104186
total360interiors.com,FALSE,,,0.758844176271243,0.127274568357029,0.809117270544268
wader-n.org,FALSE,,,0.363002849067376,0.0494543025107475,0.279319007516655
prueba.estalia-shop.com,FALSE,,,0.72673640092676,0.265641083252625,0.00635375884704326
awellintegratedequine.com,FALSE,,,0.679032155784647,0.209322975441668,0.170360195919745
exodustrans.com,FALSE,,,0.126206567886649,0.201114587358214,0.453259150605181
art-esthetic.net,FALSE,,,0.387846570157369,0.91865226060995,0.136573010833311
tomsideelectrique.com,FALSE,,,0.504280369776722,0.0285205084424727,0.823768061859102
bureniyeskvazhin.com,FALSE,,,0.464852603085579,0.9802160759945,0.132596195219857
france.shinsawano.com,FALSE,,,0.487110494422292,0.0699626362874134,0.507962627653444
*.lively.keenetic.name,FALSE,,,0.0641605696297948,0.621497719302223,0.113289264828616
shopsilani.com,FALSE,,,0.613205144039073,0.0715516631796239,0.456657240929651
wct-detroit.com,FALSE,,,0.886443995781267,0.02449889870802,0.385535920821755
forum.nielltronix.com,FALSE,,,0.250717621790748,0.280838715633136,0.869861211016516
erm.be,FALSE,,,0.179276703448593,0.900364875807325,0.564064948629563
platz-in-buerogemeinschaft-muenchen.de,FALSE,,,0.387561150323113,0.493569389140052,0.578635487318064
www.onemagicplay.com,FALSE,,,0.724103188541249,0.379915358795955,0.271562885687173
r9ioaupygtoplcii.myfritz.net,FALSE,,,0.79539673637232,0.930085736743184,0.402118807263479
es.yayascreation.com,FALSE,,,0.938245449805094,0.0883066161599984,0.0462334240961096
aaaaaaaaaaaaaaaaaaaaaaaaaa1604836524.cr-gke-boskos-76.cr-e2e.com,FALSE,,,0.469762519416011,0.508786171906036,0.776357970539926
bsfz.hep.at,FALSE,,,0.0954238222153258,0.612432730779605,0.949151591517623
www.enchantingelegance.net,FALSE,,,0.635819672225023,0.365184887046205,0.4048630812151
www.lovevolve.love,FALSE,,,0.305093127570607,0.0885891796338561,0.474660417522464
*.hsa.hdl.669918-hdl-hc-ci.ci-aws.hanacloud.ondemand.com,FALSE,,,0.874174191434193,0.699140313205009,0.486341728858443
bokepfb.xyz,FALSE,,,0.0541480834004373,0.304883890678705,0.176112955896218
mammaogmeg.no,FALSE,,,0.479845316740291,0.30497823346789,0.623701751632597
svanhildur.is,FALSE,,,0.327970457163739,0.273797407169054,0.534834217251016
lifeofapending.com,FALSE,,,0.0274245909683,0.987321733342111,0.0939757659762478
www.plainclothingstore.com,FALSE,,,0.666082387247137,0.209672642692023,0.271686727328291
gymnatic.eu,FALSE,,,0.788985232184409,0.370280300100465,0.047479544228594
beebowl.com,FALSE,,,0.00358152788688212,0.683656787796514,0.019646659808628
*.evosaude.com,FALSE,,,0.241440697622119,0.0424767819405335,0.0295804769168575
koelnerdom.net,FALSE,,,0.558796629348092,0.894453184810432,0.191768420443272
en.fx-space.com,FALSE,,,0.275357355348901,0.90392905351879,0.154249835197779
sugarhalo.com,FALSE,,,0.872062687801213,0.677567414297443,0.537122068225246
techbytyler.com,FALSE,,,0.777375608855541,0.617028673927335,0.536906798533732
scep.114598837483706.meraki.direct,FALSE,,,0.382991498870298,0.314512446837817,0.734734374410236
thierry-relaxation.com,FALSE,,,0.559285392651069,0.584423582139398,0.653403178293299
artistxdesigns.com,FALSE,,,0.303120326973045,0.444103521279114,0.237095256294061
autodiscover.intuitively-obvious.info,FALSE,,,0.196903581227774,0.19810751274344,0.869368622586832
boldregularitalic.com,FALSE,,,0.497413525935351,0.555635590466769,0.0164759599136217
cpanel.ns13mon.101sitehosting.com,FALSE,,,0.654185483134398,0.326497097998068,0.352321279254018
autodiscover.iomar.net,FALSE,,,0.63238657607154,0.464458196344354,0.306236265128004
www.cowratourism.com.au,FALSE,,,0.676710624941406,0.528548645573052,0.594110679028836
www.thepits.co.nz,FALSE,,,0.193877079879288,0.523920699783623,0.99202268148381
ourstoryplus.com,FALSE,,,0.510432483874261,0.0544464893425919,0.923187643606451
hsbcsecurity.resecurenow-verify.world,TRUE,SOCIAL_ENGINEERING,ANY_PLATFORM,0.751443838780925,0.23456703788067,0.831510871593878
cpanel.nimbusdove.com,FALSE,,,0.102817043249541,0.520799930090267,0.84865726936881
mail.vectorartworks.com,FALSE,,,0.697304228020769,0.27162222768772,0.758200477643963
salym-pet-upn.keenetic.link,FALSE,,,0.236297271357405,0.999991234762826,0.123112647615737
*.karglasvezeltechniek.nl,FALSE,,,0.286177773979005,0.903942013729709,0.696235253256698
880efremont.theparamountrealty.com,FALSE,,,0.0818452393517263,0.361019336015908,0.503062413153558
supremeenterprise.net,FALSE,,,0.949516596822824,0.68469983156992,0.83996610385444
autodiscover.dogwalkdirectory.com,FALSE,,,0.628422993244984,0.763319917511779,0.876213054939219
device-local-d05a7f8d-7ed3-4c06-8e16-313d0612228c.remotewd.com,FALSE,,,0.286951033688707,0.248394758270165,0.870677203433501
*.d67a33daaf0b079405de1848.keenetic.io,FALSE,,,0.503714435368885,0.0197894269009785,0.528554817888037
naturesfact.com,FALSE,,,0.587047052699017,0.0323151512227432,0.334419424730085
www.lvwellhealth.com,FALSE,,,0.726737314040439,0.000192347519470833,0.107636673308693
mail.seekandstyle.com.au,FALSE,,,0.297792476788639,0.608201011078739,0.933031430854759
victoriahanstudio.com,FALSE,,,0.349255728951722,0.266389466515571,0.364725168807345
eguzaldo.com,FALSE,,,0.372532117075996,0.0694624867210671,0.0527601500075652
app.promowise.com,FALSE,,,0.829729563457003,0.215469812203503,0.286454388583039
ecoserver1109.easycloud.com.br,FALSE,,,0.52876510160617,0.846681610460113,0.309017538888496
les-cercles-blancs.com,FALSE,,,0.762063959926704,0.633768749785587,0.455923465568307
wotecnologia.com.br,FALSE,,,0.516593941363485,0.792334675467455,0.398805902738246
motosteal.online,FALSE,,,0.117754129754941,0.524344604945748,0.896889779955155
www.lamatec.eu,FALSE,,,0.807380324509442,0.653875665465398,0.681739754279263
bauelemente-stefan-schmitt.de,FALSE,,,0.213964434585219,0.941985150881849,0.912362204376097
www.xtouringcompany.com,FALSE,,,0.419485352388491,0.478991551424001,0.538758910181497
ksh.nsuers.com,FALSE,,,0.299212688521309,0.838637105319566,0.458461785471248
motosteal.online,FALSE,,,0.992502987584732,0.961195297637583,0.788633493748418
*.a22245c83f3755e3c1f6b15a.keenetic.io,FALSE,,,0.732495258298209,0.0394111851078174,0.734168958342089
ksh.nsuers.com,FALSE,,,0.847120090614607,0.700256899250895,0.383521011153533
bartondentalsurgery.com,FALSE,,,0.588935636549149,0.801413927915148,0.447919733799683
bst-f8bdb9a4-cc63-4a48-b7f7-65023477cb2a-0.bastion.azure.com,FALSE,,,0.915791425589126,0.524050346205988,0.874168958543025
devshell-vm-2c0fab30-1e46-4caf-a341-ca3c9c5e141f.cloudshell.dev,FALSE,,,0.673154537071622,0.410351810434465,0.40009232750542
devshell-vm-c96470d6-6839-4182-ba80-f238445a8adc.cloudshell.dev,FALSE,,,0.0086564838958931,0.520941978657584,0.904781305650547
devshell-vm-c36912b3-064f-4765-a39a-5fa85ad1c676.cloudshell.dev,FALSE,,,0.666407812768999,0.761853567492036,0.290480696112853
devshell-vm-90ca2af8-e9c9-4714-aea5-1afb1027b06c.cloudshell.dev,FALSE,,,0.292160739133344,0.452403402470416,0.0184524534327081
devshell-vm-091c53a5-93ab-4927-836e-e97c69817b45.cloudshell.dev,FALSE,,,0.264318916293851,0.202741143582687,0.743229508746659
devshell-vm-ee247b47-9445-4f4b-9de0-092d9b63840f.cloudshell.dev,FALSE,,,0.275131413210757,0.0508288353616803,0.00496006785967947
magento.blog.install-store.com,FALSE,,,0.573026240615439,0.510718644976179,0.40545011392513
golfgepaeck.de,FALSE,,,0.582398255910177,0.929398174465212,0.404188414666592
acp.fiber3d.ru,FALSE,,,0.0116151872035826,0.601849899578909,0.752571302856745
www.vinakademiet.no,FALSE,,,0.614004021331597,0.977646590331101,0.456316985573705
patronatoinas.ma,FALSE,,,0.786767844542637,0.987137895686424,0.947598462536717
cloud.dogpoo.club,FALSE,,,0.861132840848534,0.34460140105005,0.542712792583545
*.a9070933a8abbb23024898db.keenetic.io,FALSE,,,0.173143506864852,0.530687026819448,0.10184881425859
www.tincanstudiosbrooklyn.com,FALSE,,,0.679611884576413,0.0309565444463546,0.366689556199403
www.wehiketoheal.com,FALSE,,,0.200896160176024,0.102206059569507,0.11448696091413
bryansk-vw.ru,FALSE,,,0.0896913677249462,0.883999620304488,0.78415748956542
swansfoundation.atomix.xyz,FALSE,,,0.0358946916783241,0.461732150184866,0.889622874256286
margomayer.com,FALSE,,,0.284865643627075,0.310744646975439,0.0989822567749199
qualitychristmasgifts.com,FALSE,,,0.150754249001846,0.996512430426222,0.675093413051314
trailbiosystems.com,FALSE,,,0.782063088774513,0.500560290602331,0.768035387487129
cpanel.woopywoops.net,FALSE,,,0.115771252276708,0.413886504781667,0.737331548311812
*.aviva-property-management.com,FALSE,,,0.661796383542417,0.308673152712384,0.290365493379743
tihodom.shumoizolyaciya-kvartir.ru,FALSE,,,0.519070292824143,0.827047855151288,0.20304485648564
*.hellorichard.co.uk,FALSE,,,0.14197810902814,0.226961838565345,0.152246668544227
nl-nl.bakker.com,FALSE,,,0.488323045573868,0.685087533338206,0.410052550501819
uzunomeroglu.net,FALSE,,,0.299179656175478,0.690710650372804,0.757091487582117
www.hawaiiautodealer.com,FALSE,,,0.0380252672588258,0.12598290334758,0.975993350467072
elpasohistoricmissiontrail.com,FALSE,,,0.990346572104361,0.876361775758953,0.877715818768425
autodiscover.eskisehircomputest.com,FALSE,,,0.729042743451262,0.59563511278849,0.422101030691454
pfaelzerweg.de,FALSE,,,0.308002066629348,0.36549125894184,0.914621724877383
radefi.ro,FALSE,,,0.964686097019021,0.0845226082598958,0.413784065920487
*.us-east-1.es.amazonaws.com,FALSE,,,0.985070623454369,0.264998151480415,0.236658765672196
autoconfig.easyhumr.tn,FALSE,,,0.196429550834139,0.503009610440272,0.171874373421503
scep.114598837483706.meraki.direct,FALSE,,,0.272592654283792,0.973371801754461,0.827519583137752
*.41deb0ea7ac340252ac91b5d.keenetic.io,FALSE,,,0.73087210721942,0.751933730015509,0.912938389705113
schweinchen.oink.army,FALSE,,,0.28176240527597,0.164256172198656,0.12692267410456
www.honeysips.com,FALSE,,,0.852483058457415,0.955117466785521,0.216258962690669
dev.secure.fctrades.com,FALSE,,,0.617738904696459,0.20632377972162,0.604333628401099
toothfairymass.com,FALSE,,,0.971000407610565,0.619417623403026,0.824372779655344
develop-br.blogthinkbig.com,FALSE,,,0.779929022932817,0.666039819699805,0.161220236617138
autodiscover.zafarvet.com,FALSE,,,0.416094934556649,0.099987379567902,0.482697368233853
test.dev.eth2020-club.com,FALSE,,,0.0294495490172468,0.135845448952629,0.706651034733136
*.rectbuckbuditale.tk,FALSE,,,0.419562496118626,0.622193483921731,0.468787458388406
applelawnservice.com,FALSE,,,0.307766078960851,0.504233724404791,0.232841420026572
bodygym-plattling.de,FALSE,,,0.352681419245443,0.565268966162635,0.181701962869863
the-shape-shop.com,FALSE,,,0.591449842091587,0.173988926222358,0.307909982973323
vestpals.co.uk,FALSE,,,0.347318761736588,0.287287154957401,0.190537080152983
*.stupindenis22.keenetic.name,FALSE,,,0.350897972387614,0.403874925920534,0.104098160221409
*.b4c31d51a8f599d9b2dee69d.keenetic.io,FALSE,,,0.892905733357272,0.323407259779856,0.0943435780172762
*.creativefusion.in,FALSE,,,0.118600656807514,0.337602024588414,0.532128425024253
lifeadventures.shop,FALSE,,,0.741929663354446,0.58373213753885,0.653581417382171
cpanel.vsabgruppen.hemsida.eu,FALSE,,,0.1538446196641,0.289032782183403,0.827881604925462
autodiscover.englishtreeesl.com,FALSE,,,0.192892882053451,0.653161717492764,0.834302510675547
autodiscover.yushaind.com,FALSE,,,0.923053344469355,0.962076492280122,0.245235546670703
www.bosscoopjapan.com,FALSE,,,0.787713126978834,0.465573396627292,0.681072475561328
boldregularitalic.com,FALSE,,,0.640477679635473,0.184381335820354,0.460663808033055
old.developer.ozlonaffiliates.com,FALSE,,,0.418165321389492,0.992416624319141,0.0541704744303765
retbeep.com,FALSE,,,0.596431342287816,0.594706026371052,0.179911951188083
cpanel.internationallawreview.eu,FALSE,,,0.401537627742841,0.799369410456682,0.569116812098481
retbeep.com,FALSE,,,0.0531295310994245,0.275311415942324,0.0682586285062348
www.grandycamp.info,FALSE,,,0.962107158280316,0.0290669866768866,0.507997694009252
www.tisoyofficial.com,FALSE,,,0.954097980693513,0.064601472380859,0.304920474437182
cafemaya.dzdesignshn.com,FALSE,,,0.538725419537162,0.23698886413094,0.344120975574244
*.w2teste.com.br,FALSE,,,0.25015568449439,0.270753794266762,0.493452504057852
*.htconsulting.eu,FALSE,,,0.538178787418966,0.457280955811565,0.374665670080888
melitakylephotography.co.uk,FALSE,,,0.838300780861344,0.868277235041072,0.656348833875866
riavviarecalcados.com.br,FALSE,,,0.501562722018209,0.248285119730648,0.0649605736590573
guentner.eu,FALSE,,,0.901693076882063,0.312390127876979,0.130569496885303
*.69386d7f310b4a4483aade1fcb381082.plex.direct,FALSE,,,0.289585326958388,0.446544512673832,0.967235936880311
*.iics.eu,FALSE,,,0.586442369818486,0.790559331099396,0.478654319072835
matrix.absolutematrix.com,FALSE,,,0.00677222124238224,0.0347883211456838,0.413787227077928
autodiscover.spritindustry.com,FALSE,,,0.498645383005363,0.00643109097648577,0.60809365676595
blog.arare.cn,FALSE,,,0.623710889252469,0.244263624269268,0.547648104168911
www.thedigitaladopters.com,FALSE,,,0.0147942914212808,0.412374316592324,0.0448190812632238
*.bokarocake.com,FALSE,,,0.248841472340174,0.962543882840566,0.889547561692687
*.hadibil.net,FALSE,,,0.881147686870351,0.836438014970661,0.140413881250055
cmscontent.intercars.eu,FALSE,,,0.327949976352469,0.0810751766950283,0.207280601303168
autodiscover.narrate.sg,FALSE,,,0.390549170266342,0.478121767623235,0.042586888502846
hamillpools.com.au,FALSE,,,0.282443369168214,0.829004772223503,0.954727964605266
www.melitakylephotography.co.uk,FALSE,,,0.792688285433635,0.125582482708005,0.874241159080257
jadopte-unfruit.com,FALSE,,,0.782347164296509,0.229430372159589,0.49008648362072
darkmelanin.com,FALSE,,,0.462316445175125,0.212808487933174,0.696516049419824
applecheap.ru,FALSE,,,0.0347079207464037,0.207675830193357,0.222917637514361
energreenco.sulushash.com,FALSE,,,0.778731884833935,0.0735800570300772,0.611998849289015
cbedge.tech,FALSE,,,0.647577344179458,0.293332356614735,0.866924541876842
autodiscover.eskisehirapartlar.gen.tr,FALSE,,,0.0323088475816721,0.388096460232008,0.549367005973329
theresa-kindermode.de,FALSE,,,0.321809042115382,0.896789762240673,0.389431258283161
interconmetalplc.com,FALSE,,,0.159083178371929,0.814598529640921,0.56654718212299
*.6fd12c2c12f791f971925652.keenetic.io,FALSE,,,0.0623492669731305,0.608774521974129,0.426061041413478
cpanel.interad2.eu,FALSE,,,0.876630060997133,0.174438335727722,0.407861613122221
autodiscover.fanfictionbuzz.info,FALSE,,,0.798468803575438,0.297324334465579,0.933929057351066
revivepc.tech,FALSE,,,0.261431913810734,0.375813205681044,0.45348805184709
e-bugle.com,FALSE,,,0.0242478760914978,0.0743049459162607,0.891550629071745
malibuoysterco.com,FALSE,,,0.0500822517082669,0.237609501973413,0.8431969274791
*.wsisl.mesh.mongodb.net,FALSE,,,0.887951541585152,0.697621867726924,0.550505930760081
it.vegetabags.fr,FALSE,,,0.667624098003057,0.446482230570534,0.646060858735242
marutake.cc,FALSE,,,0.917994991618066,0.820862366040819,0.284032535588216
youthful-wu.103-76-228-71.plesk.page,FALSE,,,0.36049714077477,0.656802197698483,0.0797450609178677
cr1.lankatowns.com,FALSE,,,0.122092087443759,0.126531619760664,0.0918058421228103
*.vios-group.com,FALSE,,,0.251781475063343,0.587928968552461,0.217846492051647
cpanel.euromare.eu,FALSE,,,0.878152121650741,0.690441079562303,0.910793323224496
entnet.eu,FALSE,,,0.341756967618197,0.539109650582805,0.901448466632929
autodiscover.hudsonvalleydeals.com,FALSE,,,0.459437883973954,0.833017643077826,0.723239856477895
*.vendorspot.dk,FALSE,,,0.584510336816773,0.528388345485564,0.723857505886033
*.somaticbodywork.net,FALSE,,,0.991546669340849,0.308159518412571,0.393227436743373
autodiscover.hellofactory.eu,FALSE,,,0.473628644769881,0.899909557316196,0.187993405309449
*.gewerbeabfall.eu,FALSE,,,0.465377720985875,0.875755644429022,0.936748273146139
mdanewaters.com,FALSE,,,0.503900595263129,0.15731406307078,0.85498603008203
static.tinope.app,FALSE,,,0.823019199606165,0.205670650342811,0.535410836171137
*.vendorspot.dk,FALSE,,,0.43800435874959,0.326396323882877,0.374662607250429
thasongbird.com,FALSE,,,0.396683646471876,0.449700310824954,0.989684520666627
thedigitalmarketingstrategies.com,FALSE,,,0.353468817778195,0.1958435638227,0.424685721172421
autodiscover.tecgraphicarts.com,FALSE,,,0.0332608127492338,0.725593140896127,0.243089391703091
hamillpools.com.au,FALSE,,,0.128000371744168,0.846899720557244,0.700288447095064
auto.brazeltonauto.com,FALSE,,,0.98088106080938,0.726620137791021,0.60456369446252
esprit-papillon.com,FALSE,,,0.414700732273078,0.293322681187121,0.364240015467461
joyunscripted.com,FALSE,,,0.391105027863641,0.551303595773363,0.377392691720749
redtree-it.co.uk,FALSE,,,0.765951752870723,0.0440348322521594,0.155843507608228
cpanel.i-sd.eu,FALSE,,,0.309282116534553,0.889066910761041,0.860559916637918
autodiscover.thewatchfund.com,FALSE,,,0.543305684663434,0.235561739046125,0.0726137497736067
ubestside.com,FALSE,,,0.572426032779048,0.415020971324798,0.952995735790459
autodiscover.prakashyadgirblog.com,FALSE,,,0.598116103631122,0.232864249872283,0.465067016402899
www.guerriglia.com,FALSE,,,0.936960663058624,0.501233840103352,0.966552100008806
autodiscover.oo-zi.com,FALSE,,,0.0947136813170409,0.634490349156628,0.991589841477218
easy1pool.com,FALSE,,,0.254184290574582,0.22379610470963,0.967309105743496
*.roshambo.io,FALSE,,,0.0652266539993635,0.094121306275372,0.239610479306082
gluetack.eu,FALSE,,,0.958508711702597,0.373497443118181,0.507421354387582
www.colorandcreate.nl,FALSE,,,0.250219802098885,0.919699112058553,0.0859968923414066
portal.f5.si,FALSE,,,0.577131582683511,0.802110203344474,0.268130109674111
washine.com.au,FALSE,,,0.995041772479505,0.312530931008947,0.0147329473670411
bestgifts101.com,FALSE,,,0.678657219136466,0.188549083073713,0.0843306281632778
*.24d6e4b17a8f4ee982b6b2b95212dfe2.plex.direct,FALSE,,,0.292906524258732,0.100582190438913,0.891639572510989
brookelashandbrow.com,FALSE,,,0.361939649335052,0.48634462651319,0.999351990072992
th.boyy.com,FALSE,,,0.224089538146373,0.0068299920623594,0.9194110343998
intunetherapy.eu,FALSE,,,0.168752806704386,0.108966481035718,0.985543622095184
*.high-class-escortes.eu,FALSE,,,0.731514041083078,0.170851027803808,0.0947167335302469
sixdata.com.br,FALSE,,,0.620855821165724,0.809478986903913,0.499018462582969
42ez.vacation.escapevacations.com,FALSE,,,0.48116343790998,0.765822250302463,0.874439098306706
chrisquazzo.com,FALSE,,,0.784773169225372,0.42451940252043,0.777962097599693
test.developer.sanydetect.com,FALSE,,,0.772319504179724,0.787858307879644,0.423459569482967
autodiscover.corpresourcesinc.com,FALSE,,,0.421740638259346,0.45465229853741,0.81853009958128
autodiscover.northwesternsales.com,FALSE,,,0.115378431540697,0.805546015910169,0.151314989712826
*.canary-b84a43280d02.5d6eav.c3.kafka.us-east-2.amazonaws.com,FALSE,,,0.276549520227284,0.213003730704095,0.216088002805197
stemcellrevo.com,FALSE,,,0.486837491205794,0.181576952272933,0.686098130442493
*.internetu.eu,FALSE,,,0.627157917067156,0.775037524775456,0.257568121227968
*.xulyanhkts.com,FALSE,,,0.918704284945016,0.401868291615398,0.970555095392963
*.nasercacamasa.tk,FALSE,,,0.652402773469893,0.192517069812687,0.00618050237462466
thevermas.us,FALSE,,,0.784902417678686,0.39930305380515,0.366662912631184
www.plantrightnow.com,FALSE,,,0.474683309259369,0.968047238908575,0.132468928454958
www.plantrightnow.com,FALSE,,,0.0510279392335322,0.800907606543305,0.482539178671954
*.motionpictureetc.com,FALSE,,,0.853852457716732,0.869262259434805,0.750344086161378
autodiscover.rbwconstruction.com,FALSE,,,0.888602309126845,0.818081011222662,0.25025256209214
ironfitness.store,FALSE,,,0.127175845279504,0.190791764986515,0.376258927649337
generalservices.eu,FALSE,,,0.36820661155723,0.560338986516301,0.995963221117122
*.feinewhiskys.de,FALSE,,,0.71842069521009,0.295591400287216,0.120047532046886
*.frescofoundation.eu,FALSE,,,0.596871938199418,0.21913818789577,0.824381431831017
*.vios-group.com,FALSE,,,0.824580000114584,0.47367833521109,0.906900648462185
chinaduediligence.co.uk,FALSE,,,0.756887559441539,0.026873918951707,0.596916312385539
demo.developer.gseo.ch,FALSE,,,0.313154098880532,0.927250644061946,0.511261826754518
rebellesociety.com,FALSE,,,0.095042395080377,0.448426408411655,0.606499089877139
eidservicios.com,FALSE,,,0.307933584330331,0.943768505841051,0.453183206770355
gymnatic.eu,FALSE,,,0.550039468996243,0.529195376230386,0.470496769790254
staple.me,FALSE,,,0.441272269988447,0.71180308043275,0.343927872607456
*.imaginoir.com,FALSE,,,0.792471823423609,0.21746570251291,0.990398482002845
*.didyousee.com,FALSE,,,0.489991196783619,0.27888508550068,0.582530198818642
stage.hookii.org,FALSE,,,0.802656144008386,0.521264615128542,0.592493973876008
bst-f8bdb9a4-cc63-4a48-b7f7-65023477cb2a-0.bastion.azure.com,FALSE,,,0.53762457458981,0.320032170851833,0.181907576201424
www.birddownbrand.com,FALSE,,,0.901625321777293,0.254076951648045,0.279162581869979
www.fbgold.com,FALSE,,,0.198949104652879,0.116885776636123,0.948126358280808
*.3734shop.com,FALSE,,,0.782220192226446,0.124522502942945,0.988145590166696
www.hrackov.eu,FALSE,,,0.134160135823728,0.151022951201225,0.0799672390652379
*.fbac5b3aaf3cdfc227990e89.keenetic.io,FALSE,,,0.827564528200895,0.312056676011009,0.913842308562443
www.vimetea.com,FALSE,,,0.562363581215606,0.352282581083243,0.634948460602769
www.attentiontodetailct.com,FALSE,,,0.365946547678025,0.263665983434179,0.140610260955542
malibuoysterco.com,FALSE,,,0.402319219807878,0.84230135202323,0.223901476853309
www.gadgetseller.shop,FALSE,,,0.928108014611143,0.82098179800208,0.124051476373841
www.yktpromtech.ru,FALSE,,,0.0560490672285202,0.827250900178097,0.0739195266516791
eleflorida.com,FALSE,,,0.378180718349673,0.0356914366665934,0.930318246082372
shop.delivercart.co.uk,FALSE,,,0.981705265682261,0.711787768730465,0.746229801533684
poppisleep.com,FALSE,,,0.234596947889036,0.212017353044167,0.0410137955082217
*.0518ae429f7a00da63481753.keenetic.io,FALSE,,,0.787161293746895,0.83626399443459,0.945050768479235
autodiscover.classroomchatblog.com,FALSE,,,0.96576081842522,0.575423409384344,0.440802638720042
*.leventmuhendislik.com,FALSE,,,0.704261371999749,0.878935619584711,0.0704124149973243
leiventures.com,FALSE,,,0.966324352685226,0.780188857552013,0.405438187986475
www.productshare.shop,FALSE,,,0.179466451448662,0.246123546509644,0.465263651402963
www.thevtgrack.com,FALSE,,,0.957406926576056,0.0371769159399298,0.637224097688744
ubestside.com,FALSE,,,0.509123986398451,0.390145678503752,0.562468047015678
aaa.gallipro.com,FALSE,,,0.866546317494671,0.021988325344725,0.491208814538477
christoph.xn--hffelmann-q9a.de,FALSE,,,0.43487998189113,0.998634942339049,0.160730240843347
inkhousetattoo.eu,FALSE,,,0.302192933235553,0.264476856881249,0.438038492457789
traket.revolverdesignlab.com,FALSE,,,0.367394062826034,0.83298671199741,0.718002143484356
www.ernaehrungsberatung-pusch.de,FALSE,,,0.0891526582876339,0.609150573923641,0.732601907824524
bst-f8bdb9a4-cc63-4a48-b7f7-65023477cb2a-0.bastion.azure.com,FALSE,,,0.143036268666144,0.221660079984802,0.577821113991653
wp2.helevalge.eu,FALSE,,,0.617181806392459,0.224282747713028,0.0575093483635315
cafemaya.dzdesignshn.com,FALSE,,,0.0323335225715597,0.624813840101854,0.837043077955947
www.pinx.mx,FALSE,,,0.935681855747285,0.59128391228691,0.697214928141847
emmajury.com,FALSE,,,0.452029058049769,0.0884060447630272,0.156627589198345
washine.com.au,FALSE,,,0.375221858670275,0.204374679818222,0.903257624539741
proxycommerces.be,FALSE,,,0.0328846051711876,0.192040753582422,0.192694520233984
nettbutikk.amediadistribusjon.no,FALSE,,,0.900920196319522,0.883456885519498,0.434001646155419
www.rainbowrebel.co.uk,FALSE,,,0.386287591792868,0.333295156243698,0.688797161344484
old.developer.russiatube.online,FALSE,,,0.0915234411985047,0.680417074087216,0.835743367440212
glafw.itelliservices.co.uk,FALSE,,,0.577242171237888,0.586099001199066,0.164375911506716
*.gonetrush33.eu,FALSE,,,0.526112547888588,0.938321345992718,0.225111516692205
autodiscover.prakashyadgirblog.com,FALSE,,,0.757352830959352,0.761732460956318,0.359899237892253
blog.muraldesign.com.br,FALSE,,,0.121642754880608,0.357489410469427,0.168011416613876
autodiscover.huntersrealmforums.com,FALSE,,,0.0590869600753919,0.0673998996339532,0.198740260640828
*.imt-bs.eu,FALSE,,,0.194056772798223,0.637714195184641,0.168056675784737
www.simpelaanbod.nl,FALSE,,,0.937921585156993,0.428332142426666,0.235632432872141
autodiscover.techprosoh.com,FALSE,,,0.340503640164918,0.387861568905628,0.330625961119927
test-26.acmetestbykeychestdotnet-102.xyz,FALSE,,,0.715041560134011,0.0522621443472695,0.428252896242844
kenolsson.com,FALSE,,,0.268787440763527,0.790869293643803,0.886596096802142
cps.stpaulmedia.com,FALSE,,,0.542359249139439,0.18984626624207,0.528636172187442
teletrabajoconmaribel.emprendedoresinternacional.com,FALSE,,,0.293171108488017,0.600629843215096,0.793616322841735
coworkingvillanueva.es,FALSE,,,0.918664140114978,0.0781304693931664,0.684319707371506
*.kept.company,FALSE,,,0.0310826042417875,0.549703227493852,0.918576269365914
fundecopi.hoteleslaquinta.org,FALSE,,,0.626956499108448,0.385190481317662,0.814994216637082
*.xueringdinobar.cf,FALSE,,,0.873515255840421,0.251280577031739,0.0695895148984935
fn.fi,FALSE,,,0.274319023494385,0.648648618396775,0.260827226544423
attivehomem.online,FALSE,,,0.376049043718793,0.105704041396995,0.604553613866738
karji.com,FALSE,,,0.466599566686443,0.386051606983584,0.75480912372143
www.emildific.com,FALSE,,,0.507816945320242,0.206169640433631,0.0524249503036835
calmsley-city-famr.muslimscouts.org.au,FALSE,,,0.797671687441952,0.49547759457348,0.894533456307408
ascentionbeauty.com,FALSE,,,0.566399311003279,0.750148745755239,0.230877029051463
dev.diocollection.com,FALSE,,,0.615298593676694,0.0552656527021718,0.0260569705663023
pmmanager.mini-press.com,FALSE,,,0.888352324484302,0.477245281851562,0.189609938702187
salym-pet-upn.keenetic.link,FALSE,,,0.247231089510597,0.382626642889404,0.188054383542543
gregoryncomer.net,FALSE,,,0.679282380601898,0.521700475785723,0.268596925907936
www.chameleonhat.com,FALSE,,,0.297416773565548,0.274753759137439,0.0577666591814019
autodiscover.inthebuilding.eu,FALSE,,,0.171140156115868,0.610472909601012,0.497462971214653
meinrasenmaeherroboter.de,FALSE,,,0.440075851188169,0.508468531742016,0.662105590589981
www.lifestylecondogardens.com,FALSE,,,0.75979826057508,0.507075146790713,0.433364416843981
app.candlelightsom.org,FALSE,,,0.582281415026176,0.301241139893627,0.977848056662759
www.kwostaabrat.tk,FALSE,,,0.360845945318338,0.8702688441553,0.45872112899399
accesoriosmoto.store,FALSE,,,0.7189857952485,0.757159072956057,0.297910978784284
autodiscover.lilybateman.ca,FALSE,,,0.15222208043488,0.592002359110728,0.423129177044832
cafeapreciatto.com.br,FALSE,,,0.10674066625401,0.277972920421655,0.953454417868741
group.innotechnologies.eu,FALSE,,,0.903052380575882,0.958922864898452,0.427807845749392
www.stocktanksupply.com,FALSE,,,0.66215077192398,0.480514869770618,0.846050695134627
toway.in,FALSE,,,0.339743818944406,0.00864854017548018,0.80423132097484
lifeadventures.shop,FALSE,,,0.149469634001066,0.130711835352235,0.375730371876822
autodiscover.hypermousa.com,FALSE,,,0.302732341352694,0.134320030985869,0.339000014156429
cpanel.pentecostaltabernacle.org,FALSE,,,0.82164648544102,0.847751244236164,0.317261187147218
cpanel.ipomia.eu,FALSE,,,0.478966034481811,0.601526483304325,0.617496897935052
autodiscover.hypermousa.com,FALSE,,,0.938520459764647,0.631387069011534,0.33631465661765
develop-br.blogthinkbig.com,FALSE,,,0.478990753317405,0.822788464402683,0.208521285325527
shop.secure.fctrades.com,FALSE,,,0.62397810379996,0.942432009319915,0.590517906952741
www.fightjuice.org,FALSE,,,0.934072579003421,0.934250187759202,0.647216770285925
daijoubupopup.com,FALSE,,,0.0142009369505858,0.186333191969585,0.863116525800192
cloud.dogpoo.club,FALSE,,,0.959865753066623,0.555325166240903,0.607931195787762
shopify.requinloot.com,FALSE,,,0.48580875570095,0.840802263381179,0.966390489789121
happycrafter.genesiswpsupport.com,FALSE,,,0.202486747730036,0.578780970916005,0.853559243635796
reeze.synology.me,FALSE,,,0.608448019537652,0.617120294081432,0.649689359192597
www.middlingproductions.com,FALSE,,,0.604369395096769,0.862611661545978,0.333969597427867
shoplocal.io,FALSE,,,0.0760857822669737,0.958390925470314,0.342518587624585
*.lembarselatan.desa.id,FALSE,,,0.265590632775273,0.980810869300461,0.780356328958811
kits-a.com,FALSE,,,0.195339169443101,0.67544211264081,0.989054258622205
bitwisecorp.it,FALSE,,,0.043375594402718,0.60550620376564,0.390262768134162
autodiscover.griyabangunjasa.com,FALSE,,,0.0456062698631028,0.936809444166565,0.256204206717838
chrisquazzo.com,FALSE,,,0.675400862450043,0.331240785312028,0.553458036216526
expresswaycos.net,FALSE,,,0.718959638737979,0.204217831098805,0.52405217040826
www.fracturedesign.net,FALSE,,,0.877089702440162,0.739928964144886,0.405274221057001
planningbusinesssuccess.com,FALSE,,,0.074411802577871,0.364629815961109,0.232482777196408
eportfolio.tdmu.edu.vn,FALSE,,,0.382460232270565,0.00965860406479421,0.673325043091022
zochova.sk,FALSE,,,0.781456875145769,0.119188501868481,0.314956694347325
*.ae49e1f1ceb50c7b5dfbd97c.keenetic.io,FALSE,,,0.914358494327451,0.577964279251128,0.0380067197810771
www.takatakboyonlineph.com,FALSE,,,0.773250220246019,0.320605246790409,0.410674081743262
avtosprobegom.bryansk-vw.ru,FALSE,,,0.382892185176777,0.430145444051104,0.945604105477036
dev2019.kasual.biz,FALSE,,,0.582083323714608,0.130449780822963,0.418095076377079
morethanabackpack.com,FALSE,,,0.933108126167774,0.508855831088385,0.77513710808981
cpanel.inchirierirobepitesti.eu,FALSE,,,0.369426390611145,0.636807101512223,0.0553483965252552
www.bosscoopjapan.com,FALSE,,,0.103547890666239,0.221640488985118,0.920231502026326
*.fb9a6f46371897e532e4ec7f.keenetic.io,FALSE,,,0.0297468522182866,0.639038368602699,0.213086815785865
hiddeneyes.in,FALSE,,,0.551087565913627,0.223936346263389,0.321198196956112
patronatoinas.ro,FALSE,,,0.940379661563299,0.0741133992964523,0.00224612768721153
www.cowratourism.com.au,FALSE,,,0.536422761025395,0.202226227469774,0.195923861561342
hiddeneyes.in,FALSE,,,0.976246314222909,0.920222683743836,0.0573542614004857
www.lichylaw.co,FALSE,,,0.63853581731283,0.56691296449984,0.646231475081074
portal.rtvmonitor.nl,FALSE,,,0.379615463262722,0.914098518032507,0.143456218735848
elsilenciodelvalle.com,FALSE,,,0.612756935045827,0.389847394348218,0.977899956395082
swolepatroltraining.online,FALSE,,,0.378826429070078,0.844009659451945,0.22914821507561
rams-rc.org,FALSE,,,0.302218275845724,0.576035341042131,0.173182604069865
sydneyatvsanddirtbikes.com,FALSE,,,0.0635152932070244,0.883928092975363,0.709508990888097
benzerlikraporu.com,FALSE,,,0.86473072618013,0.342719076422412,0.785147868858007
test.secure.fctrades.com,FALSE,,,0.898768664881133,0.864391694908548,0.857495366249223
*.fb9a6f46371897e532e4ec7f.keenetic.io,FALSE,,,0.336526609218948,0.984143408349756,0.905137977430094
new.prosto-taxi.com.ua,FALSE,,,0.843393975878113,0.534129909469488,0.364463242914709
relatosoriginales.com,FALSE,,,0.171762119426805,0.25311706029326,0.218325055755021
konfigurator.tabvision.de,FALSE,,,0.253854728189255,0.960653107587959,0.143352142177926
*.alfonso.org.es,FALSE,,,0.974318148726108,0.555427573101502,0.646623440217768
nemunojubiliejus.lt,FALSE,,,0.658662953895312,0.971827275697865,0.038993871255383
dracleaning.com,FALSE,,,0.413051459658569,0.0198714164739035,0.75255494234431
artfeast.ca,FALSE,,,0.504063251712964,0.856788526270975,0.44571755195486
kavacollective.com,FALSE,,,0.256178566528332,0.605865007154189,0.156737545559946
eventos.psaretail.es,FALSE,,,0.641202534168966,0.397148788775339,0.512573275808103
nexrion.com,FALSE,,,0.371597674119846,0.585900581942755,0.304503837792654
naplesexperiences.com,FALSE,,,0.621652692102514,0.425406923025439,0.803693831988125
www.shop2fast.com,FALSE,,,0.68143070460868,0.948573024874993,0.787653697580254
autodiscover.iecs.eu,FALSE,,,0.256719295880989,0.954691687109744,0.417190742301109
www.melitakylephotography.co.uk,FALSE,,,0.867610059813956,0.0852191349203725,0.548941175640371
test.secure.fctrades.com,FALSE,,,0.280544386424787,0.359177799318702,0.892732641329956
*.psychologue-la-celle-saint-cloud.fr,FALSE,,,0.9507677623441,0.144809830591982,0.0278259179353184
demo.developer.russiatube.online,FALSE,,,0.681773233656017,0.891036012919064,0.629359846344983
www.xn--mbliertes-bro-mieten-mnchen-pyc8pla.de,FALSE,,,0.452300532255157,0.213146177970055,0.325261360760309
wetbrush.it,FALSE,,,0.424676115999973,0.783553120421558,0.380165597610279
*.indiaeu.eu,FALSE,,,0.367026097636611,0.75062030922643,0.568657772592533
li.christcrew.net,FALSE,,,0.484223890339907,0.525861107528175,0.255074948033614
rohdegrimm.de,FALSE,,,0.743559358055575,0.589182921779692,0.896221197517582
baby.brillianttastes.com,FALSE,,,0.707711611022781,0.307116547472243,0.647333507454325
www.squaredental.xyz,FALSE,,,0.985792347295465,0.729560546119322,0.432295558004817
padaria.fun,FALSE,,,0.168646716631937,0.32567868650653,0.353175160633143
iamjane.eu,FALSE,,,0.851032414239005,0.277881530170507,0.638585887922052
bsfz.hep.at,FALSE,,,0.344547092580244,0.388009687374243,0.883904680486313
cannedfoodspickles.com,FALSE,,,0.75649245995098,0.598031237240464,0.170930147619369
waimai.dianwaimaiba.vip,FALSE,,,0.00311813185310859,0.41236868037344,0.692877209536195
*.ivicos.eu,FALSE,,,0.401107721346017,0.638437869294416,0.331347275782221
*.ivw.eu,FALSE,,,0.488041880171642,0.231592370657868,0.294173200471034
*.inforoute.eu,FALSE,,,0.973475905956067,0.286033405397089,0.0348267877737389
www.acaciahealthandwellness.org,FALSE,,,0.80115757369216,0.233385603534891,0.0961002954305251
kolorowe-domki.pl,FALSE,,,0.511661806056631,0.164283360726812,0.396613057199662
autodiscover.jeevakptm.com,FALSE,,,0.960614139829489,0.971311323604964,0.688113250621684
s4z5bfqebilwba99.myfritz.net,FALSE,,,0.361066040952391,0.324303169499875,0.489322950145837
*.d67a33daaf0b079405de1848.keenetic.io,FALSE,,,0.131251061455222,0.0279893524644418,0.595355260032166
autodiscover.costulessrealty.com,FALSE,,,0.223295134093855,0.866261085800537,0.381498106948329
demo.developer.sci2u.dk,FALSE,,,0.525660606275019,0.834663383033855,0.122347516218575
nemunojubiliejus.lt,FALSE,,,0.442209950805208,0.287178414543904,0.657280500787324
shop.dev.ethsendt.cyou,FALSE,,,0.591333668173024,0.545493285473755,0.0165912962636929
events.yeswomensnetwork.com,FALSE,,,0.824952210265655,0.644986483684148,0.634687959521566
taxisapiaw.moovity.io,FALSE,,,0.260718958815728,0.092366547881234,0.485864010262689
thewildygroup.com,FALSE,,,0.0215081036272266,0.615001853653806,0.769153449707521
design-system.internal.cto-notprod.homeoffice.gov.uk,FALSE,,,0.379637464940509,0.913901383493417,0.23403063472647
poverocucina.it,FALSE,,,0.73505781335315,0.384179113785472,0.84365512101496
criancas.smobi.net,FALSE,,,0.0216003510066363,0.460224721563098,0.885310100956923
*.torielle.net,FALSE,,,0.217323841033659,0.243429404084342,0.910534662441748
new.frontlinehost.directory,FALSE,,,0.292895004036923,0.656433177937086,0.202808181725788
hispa.behost.es,FALSE,,,0.133682953974954,0.355630512164881,0.89691686672398
ns326575.ip-178-33-238.eu,FALSE,,,0.146324888634303,0.159990136523271,0.624290114860108
msmiecom.dscloud.me,FALSE,,,0.801546689061602,0.712572406752861,0.442857755166842
autodiscover.dogwalkdirectory.com,FALSE,,,0.54972309622129,0.299360459692957,0.260238110039292
iterapp.app.iterate.no,FALSE,,,0.884304613939597,0.646858732258301,0.491875939769715
synergyrecycling.thatwebdeveloper.com,FALSE,,,0.318269368494103,0.623095824648984,0.991592247315206
theunusualones.com,FALSE,,,0.16950120278321,0.0600957702321437,0.94497092612932
*.ligosouselcsibb.gq,FALSE,,,0.65578378973492,0.87243212722971,0.500845421244093
criancas.smobi.net,FALSE,,,0.202855663558352,0.347710510892228,0.640824965198751
186cpw1.com,FALSE,,,0.532991700919724,0.280276679932578,0.0183509950967215
konfigurator.tabvision.de,FALSE,,,0.208457393360547,0.225553526800368,0.4491608942592
autodiscover.lightfixturemagic.com,FALSE,,,0.298787732860334,0.0572942551456117,0.625918556902593
www.qliktech.ph,FALSE,,,0.427349697893103,0.650451671928063,0.318954377756332
autodiscover.eskisehircomputest.com,FALSE,,,0.0810206111210005,0.605307552560328,0.0478751244844109
bornready.org,FALSE,,,0.214369226375214,0.815528158622996,0.332061028571898
www.7390windrushdrive.com,FALSE,,,0.966000209115212,0.860507108147034,0.297774732311144
*.inoe.eu,FALSE,,,0.129286099576769,0.553937176833257,0.913929322528903
www.cafegroeselt.nl,FALSE,,,0.869803981515963,0.701907497473395,0.424657075941155
cafeapreciatto.com.br,FALSE,,,0.757602201091154,0.373603434667262,0.460842238479821
*.5329b8f2b7fe8034ecdbd1f4.hwpyh.mongodb.net,FALSE,,,0.341767955359726,0.201430882878643,0.500030819931805
nerdybug.com,FALSE,,,0.177591572648073,0.532461749661434,0.856718437011117
jasomill.com,FALSE,,,0.402526720190438,0.561114540245086,0.0195064020363099
bhuiyankegoth.com,FALSE,,,0.646017986272097,0.857214328647479,0.988490985099775
*.inogen1g3.eu,FALSE,,,0.896572534805167,0.27388044655616,0.149138796639074
www.e-litchi.com,FALSE,,,0.133151806600909,0.457125504940509,0.0790203227611329
*.ibby.eu,FALSE,,,0.597016721786094,0.779009503767414,0.180172502821572
publiquei.com,FALSE,,,0.58024846017248,0.496150112066705,0.103768394367105
bathasana.com,FALSE,,,0.16896877020276,0.162418598109997,0.124125197530657
*.cbe3eae0630b039b1ca2cdba.keenetic.io,FALSE,,,0.648077641258274,0.861979779368547,0.166378699633154
www.amandabomsterjabs.com,FALSE,,,0.824856586067125,0.335337879458649,0.277327864365378
moody.pdziewa.com,FALSE,,,0.913668621608217,0.35224115640954,0.82852449037666
www.zrpa.com,FALSE,,,0.266317957826231,0.537794021239054,0.161922254291968
brookelashandbrow.com,FALSE,,,0.256302876593087,0.600566100415387,0.189599655295911
device-local-d05a7f8d-7ed3-4c06-8e16-313d0612228c.remotewd.com,FALSE,,,0.237788634950871,0.374505718230251,0.778661789174098
www.daijoubupopup.com,FALSE,,,0.647947545447079,0.342679958190929,0.648105507702404
retrofutro.com,FALSE,,,0.456193289572231,0.727179567650256,0.637244659956162
shop.mikemahle.com,FALSE,,,0.807769454178255,0.848142880147609,0.624037046320452
165-22-232-121.ipv4.nknlabs.io,FALSE,,,0.556661002360604,0.511968007352817,0.948754930382496
lapantallainvisible.com,FALSE,,,0.999571069164176,0.955124853067389,0.655470070378435
staple.me,FALSE,,,0.72742749243524,0.113888023154703,0.418270567515079
chaads.com,FALSE,,,0.628014151679135,0.704263915137069,0.610322742484633
shop.bronxteesofficial.com,FALSE,,,0.270059324172418,0.574055529114166,0.632335157218516
inmusicbrands.ks.akonnekt.de,FALSE,,,0.878971377451426,0.77768819363879,0.439378535883664
*.plenifit.com,FALSE,,,0.84190345246832,0.524510874999676,0.283599425767408
kerico.es,FALSE,,,0.948327738403643,0.570917938614302,0.531787859047048
www.bulkshopusa.com,FALSE,,,0.175748879741141,0.277595632297797,0.109148871202331
altuspixel.abogadosmg.com.mx,FALSE,,,0.676691667444386,0.661655660673292,0.0293435397867294
www.lisamiletic.com,FALSE,,,0.130291852594449,0.138863936822864,0.390909847561164
www.schraburg.de,FALSE,,,0.403956558959276,0.569764098933507,0.0167154734332131
solomonshomegardengift.com,FALSE,,,0.117686194164166,0.894945743043636,0.71387389684889
insolex.eu,FALSE,,,0.462196228477303,0.274734404595099,0.697837980794041
payroll.sdseacoast.com,FALSE,,,0.479502202001016,0.0260793108631703,0.961013526777548
instrumentos-musicales.eu,FALSE,,,0.943296454840853,0.122817389227174,0.224616174068651
dev.ifqunmkvlffq.marauderwines.com,FALSE,,,0.998122150171473,0.459382874323425,0.827601200503968
store.developer.sci2u.dk,FALSE,,,0.164628371733146,0.306061409401228,0.469146610679346
italylive.eu,FALSE,,,0.112772157312889,0.754929267602317,0.0288906884686816
scep.149624927568082.meraki.direct,FALSE,,,0.723888793894306,0.404584413020722,0.999715862353233
www.daijoubupopup.com,FALSE,,,0.0590116826403929,0.121551898722831,0.889287248221179
plataformapagoinstitutodafamilia.es,FALSE,,,0.44726065436303,0.192302599979353,0.122960411539808
mb.iteratemarketing.com,FALSE,,,0.579358289072889,0.590112374273546,0.655615781614061
detektive-dld.de,FALSE,,,0.228740883344897,0.309922523612502,0.905135915749862
*.iteko.eu,FALSE,,,0.419594466192673,0.0525466665575072,0.258300328478019
jabbascript.it,FALSE,,,0.333094072147719,0.38256015512844,0.479664882210461
eurolabservices.be,FALSE,,,0.579706807666337,0.431528964873132,0.256645919826375
autodiscover.lethinhlanhlaservices.co.za,FALSE,,,0.965109639261933,0.469727418926673,0.443659028257658
sipa.immigra.eu,FALSE,,,0.648431828555572,0.931482672169958,0.946037027488223
bwelectrical.net,FALSE,,,0.0547067357738667,0.444357116982172,0.820483224830641
*.fb671fb383a2725529d377ab.keenetic.io,FALSE,,,0.323853829285597,0.156602600058037,0.415095170438056
www.airinfinity-offical.com,FALSE,,,0.287527604604442,0.526142024837736,0.144892599634512
annsport.ru,FALSE,,,0.944557522073532,0.178504994374953,0.82973269701993
holigay.eu,FALSE,,,0.781655233324587,0.601644694536627,0.616302632696769
bbcreativeevent.com,FALSE,,,0.90892310049254,0.539208199786949,0.618083060476149
roguemoves.com,FALSE,,,0.260050275224977,0.437161304094486,0.449033495761753
travelfood-curated-wines.com,FALSE,,,0.352797042807866,0.473742642310076,0.0504231764758459
www.orienta.ltd,FALSE,,,0.200355609656612,0.12361181987728,0.944289168111549
kidstechshop.com,FALSE,,,0.235146891476693,0.673709281698766,0.388228087838674
www.tlc-laser.de,FALSE,,,0.47447048944852,0.0296677809440101,0.75998778151557
shop.bronxteesofficial.com,FALSE,,,0.682140554470875,0.488698424704554,0.218335752719206
880efremont.theparamountrealty.com,FALSE,,,0.983848874520123,0.0591496777893349,0.848766594915015
cpanel.iberiaseeds.eu,FALSE,,,0.912990900941366,0.989363567674009,0.0894421713143545
autodiscover.iomar.net,FALSE,,,0.606756186007779,0.754028751335053,0.412647261192875
*.autosainer.es,FALSE,,,0.512157991452862,0.502843240290908,0.600156855868619
thebigpretty.com,FALSE,,,0.488279701731387,0.805769918723923,0.422552621604484
ironfitness.store,FALSE,,,0.308251992813783,0.471461239185472,0.644288252360187
*.0327bdeb1f38f3153701a233.keenetic.io,FALSE,,,0.78102136686418,0.144335763492631,0.495858201827201
api33.funedulearn.com,FALSE,,,0.108001628385047,0.126324141536411,0.194814934221371
autodiscover.thehawaiianquilt.com,FALSE,,,0.833085854027203,0.989005179860532,0.31603733748889
cpanel.ns9mon.101sitehosting.com,FALSE,,,0.420923611738057,0.766375576787269,0.160310969151548
detektive-dld.de,FALSE,,,0.809176104280052,0.604056469276884,0.412362368312685
trailbiosystems.com,FALSE,,,0.669235202053418,0.0268884052447692,0.519112234902607
shop.airobilia.com,FALSE,,,0.568197781255343,0.677373633541389,0.817714965439415
saldoxgastecnici.com,FALSE,,,0.309398218215958,0.614477725217729,0.606911200651521
dna-lean.co.uk,FALSE,,,0.842425923630077,0.818994721793308,0.548951830593025
arcademonsters.com,FALSE,,,0.795347375582967,0.198871378122891,0.00760214644230778
www.cafegroeselt.nl,FALSE,,,0.512495420242396,0.984489778796894,0.344968131220098
kidstechshop.com,FALSE,,,0.844074464709676,0.313130680331302,0.276421216297627
design-system.cto-notprod.homeoffice.gov.uk,FALSE,,,0.108079815645374,0.0358194599841544,0.906683555697265
gregoryandjessica.com,FALSE,,,0.344531169947206,0.362391873139782,0.262937793487215
thefamilycar.info,FALSE,,,0.940090690444211,0.0651465930427176,0.110261987688324
energreenco.sulushash.com,FALSE,,,0.510778607995507,0.48085522723985,0.785097041703187
www.lifestylecondogardens.com,FALSE,,,0.704882932879192,0.156873984593037,0.0685521845920694
czystko.pl,FALSE,,,0.544006363205095,0.986197842640008,0.319518207633774
wardroberenegades.com,FALSE,,,0.866140441834297,0.871936466894369,0.546252350565242
dhoco.com,FALSE,,,0.553125711839679,0.0747028115626133,0.574336039539647
app.candlelightsom.org,FALSE,,,0.0283997393373998,0.559850769915451,0.899892944030774
www.aldobuscalferri.com,FALSE,,,0.0540694644018384,0.793145102904516,0.0119431580659836
meinrasenmaeherroboter.de,FALSE,,,0.0988209816363685,0.202321996690947,0.860644740716613
tclandnetwork.com,FALSE,,,0.87402446485807,0.0440251073188399,0.850236090756264
mail.rbcs-vendee.com,FALSE,,,0.549214367319185,0.971619579964414,0.383616269311281
taxisapiaw.moovity.io,FALSE,,,0.110630534090122,0.333538895213875,0.584208663504493
shop.dev.ethsendt.cyou,FALSE,,,0.348009290308328,0.0261973859568087,0.875020123587723
physioinhandball.com,FALSE,,,0.941207105748645,0.445195686812458,0.545997047609804
jonloyamusic.com,FALSE,,,0.481231156053022,0.121324161454923,0.0183130535905214
bakery.honestygroup.co.uk,FALSE,,,0.995632070802699,0.901013925449358,0.967157738783843
mail.wowhearingaids.com,FALSE,,,0.945301507249246,0.900345477984858,0.352051983554875
travelforschools.co.nz,FALSE,,,0.693097752491184,0.513120812567541,0.586455662331505
thewildygroup.com,FALSE,,,0.0643233335462995,0.594951438494107,0.607233421146355
cafemaya.dzdesignshn.com,FALSE,,,0.725797233332917,0.337536061571818,0.151706722001652
jeedom.leseure.com,FALSE,,,0.127474853365158,0.518004360864068,0.207210341399261
shopsilani.com,FALSE,,,0.734246196280758,0.136716802155994,0.762565647480483
www.thelastmanstanding.org.uk,FALSE,,,0.670946495810114,0.538451936730921,0.558639130687957
*.fbac5b3aaf3cdfc227990e89.keenetic.io,FALSE,,,0.332453839335136,0.507461519973784,0.839526937070562
sourcesunited.org,FALSE,,,0.695193420899672,0.715933267861197,0.672140693241478
www.paddlingperfection.nz,FALSE,,,0.0973263384056291,0.922585514071044,0.449215421627504
peakimpactconsultingservices.com,FALSE,,,0.460744565363247,0.227167910240658,0.0825814850389028
www.grandycamp.info,FALSE,,,0.965046514628288,0.130064707925659,0.447216991114141
li.christcrew.net,FALSE,,,0.881968562525986,0.825742145656746,0.746006006730464
blackjack.nsuers.com,FALSE,,,0.536444845565609,0.209809358088984,0.211720265525595
eventos.psaretail.es,FALSE,,,0.66137274199117,0.909284717074264,0.629374015092704
autodiscover.smilingmango.com,FALSE,,,0.34096253442344,0.563931784801681,0.572678491387923
babyshower.brillianttastes.com,FALSE,,,0.271336041348285,0.00390210074529653,0.0323109537483741
mariaprince.com,FALSE,,,0.322800345961507,0.300438767456159,0.0377912193892764
*.electrictrucksusa.com,FALSE,,,0.135584302219297,0.745872425373038,0.848225760740435
dufopedia.com,FALSE,,,0.560206366526621,0.624871154405092,0.980875900422477
www.shitpa.ml,FALSE,,,0.38680589080097,0.952122746085047,0.785184780146178
*.leventmuhendislik.com,FALSE,,,0.892330902720032,0.202441121214071,0.563722557015979
mail.omnitech.co.in,FALSE,,,0.578481524153357,0.0248160228993591,0.554610471411159
*.id-studies.com,FALSE,,,0.946820719779111,0.523485079821596,0.450328189696873
filecloud.orangelynx.net,FALSE,,,0.432608500349975,0.509610052470343,0.570281772165995
en.cfateam.org,FALSE,,,0.932657545964826,0.00723558201332297,0.251820119061769
marcusjonescreative.com,FALSE,,,0.901671490277121,0.29580632491809,0.896141231773867
perfectedgeborders.com,FALSE,,,0.45518138634188,0.214750798266998,0.310097333851911
praktijken.cioos.be,FALSE,,,0.478083712576844,0.30987271046302,0.215543116538825
*.fb9a6f46371897e532e4ec7f.keenetic.io,FALSE,,,0.869252612527363,0.151377319326171,0.932740532959859
rob.autotracking.dk,FALSE,,,0.23658176660992,0.107670341900337,0.864731237233021
www.ernaehrungsberatung-pusch.de,FALSE,,,0.436950318932119,0.526703074405366,0.241272797644269
loja.now-fly.eu,FALSE,,,0.990711518337761,0.703751053576855,0.680290260130644
633ministries.com,FALSE,,,0.937217329082219,0.838250898014083,0.723856947228991
www.middlingproductions.com,FALSE,,,0.263645290095445,0.830677692697291,0.312296443811739
munstre.com,FALSE,,,0.579780102541315,0.510207995928275,0.21530633447121
testapi.safinna.com.ua,FALSE,,,0.9102809416246,0.144749098051731,0.382925893999977
*.1603.shopmate3.co.uk,FALSE,,,0.485546713354497,0.552821439351182,0.860987052769728
stage.hookii.org,FALSE,,,0.536013679105046,0.214967435315433,0.88224141098959
nowshop.site,FALSE,,,0.746693498518095,0.508418833719922,0.789585975534552
wtm.faditek.com,FALSE,,,0.642919067771183,0.553361357871925,0.809929191621627
store.developer.gseo.ch,FALSE,,,0.870153815882116,0.210404373303311,0.389891186497174
blog.zenwall.com.br,FALSE,,,0.127596336980567,0.128648709957227,0.51682429625745
3xv4c3vk3f.dattolocal.net,FALSE,,,0.720062169393562,0.0574463494090484,0.987640644270191
50mitgenuss.com,FALSE,,,0.840201332753611,0.8188176175207,0.664588365831575
help.invat.eu,FALSE,,,0.524141779468662,0.332139516696491,0.382315863190558
promo.bryansk-vw.ru,FALSE,,,0.790456827137745,0.199977744802256,0.413178662719759
biebrza-kajaki.pl,FALSE,,,0.94340206376572,0.870899130643432,0.204976591184947
64830069-ac0b-4970-8a19-ec660f013e8e.vpn.azure.com,FALSE,,,0.744282613666523,0.49937651439977,0.0767521172543989
teamk-r.com,FALSE,,,0.911435186331652,0.0848457884047632,0.604594593825083
*.fbac5b3aaf3cdfc227990e89.keenetic.io,FALSE,,,0.755601393690994,0.361146106076616,0.0709148913003479
dykeplatinum.com,FALSE,,,0.136402416334296,0.0348816326061548,0.017019613501725
jalan.eu,FALSE,,,0.637749914437016,0.357390741264692,0.521683950224394
*.intouch.infiniti.eu,FALSE,,,0.354455856144215,0.199075410665987,0.834852418871829
a2oyvcxunnzcrmx6.myfritz.net,FALSE,,,0.921452823948129,0.954176545779874,0.346294941367585
autodiscover.smilingmango.com,FALSE,,,0.277798359220267,0.562014951360215,0.869112122147416
demo.toprak.io,FALSE,,,0.0792075996097288,0.386888288981684,0.666616056743903
*.jassmkt.eu,FALSE,,,0.431819248907404,0.0768185062886169,0.865553633270275
eventos.psaretail.es,FALSE,,,0.47093430824586,0.0519584403367983,0.0898512065795677
www.blissrvadventures.com,FALSE,,,0.311973902261353,0.0005429117229274,0.403262386047208
api33.funedulearn.com,FALSE,,,0.448266657088104,0.303892422669675,0.966275236491598
www.shitpa.ml,FALSE,,,0.786544244699641,0.682780300944995,0.0608249142510476
cpanel.promo.laroche-posay.es,FALSE,,,0.469477288619931,0.579337358643689,0.950901188827525
patronatoinas.si,FALSE,,,0.647846609380988,0.472200545159202,0.732497131189143
dufopedia.com,FALSE,,,0.282606375829151,0.199325168717642,0.995172340254263
patronatoinas.co.uk,FALSE,,,0.948145792919793,0.347503563648268,0.417842633495343
store.developer.iskylib.net,TRUE,UNWANTED_SOFTWARE,ANY_PLATFORM,0.256302952212529,0.981960508150549,0.429027589247356
old.jakubsenk.eu,FALSE,,,0.801527542850693,0.188119410971752,0.260349582582776
*.am-ettersberg.email,FALSE,,,0.993979648363686,0.959360535788971,0.475113435168043
*.saradoan.com,FALSE,,,0.0702466418235937,0.943466369421686,0.417421186389518
pub.kashanu.ac.ir,FALSE,,,0.504416751391643,0.955164613857425,0.950835127413189
shop.delivercart.co.uk,FALSE,,,0.897361653928625,0.443264865858477,0.27627609024794
*.leventmuhendislik.com,FALSE,,,0.340284393172744,0.582657456323575,0.000322211768664685
api.nsuers.com,FALSE,,,0.792658864223472,0.722031822200415,0.646562672118476
*.am-ettersberg.email,FALSE,,,0.564067008036916,0.486754868118647,0.912476039694241
*.canary-2d6bdd8d018d.85jlre.c1.kafka.ca-central-1.amazonaws.com,FALSE,,,0.698661075328545,0.564869908003644,0.882975003818819
*.hadibil.net,FALSE,,,0.358465199783091,0.0940092397361318,0.600573407415255
www.jijzjdx.officenet.boucherrealestate.com,FALSE,,,0.310569497994186,0.971910455680406,0.448527168678572
lulubrush.com,FALSE,,,0.243594395392936,0.0672042562347288,0.119326104446628
nettbutikk.amediadistribusjon.no,FALSE,,,0.285574045473303,0.421888401789366,0.801615495073081
polepole.com,FALSE,,,0.129403198483981,0.601394412612393,0.902568344491785
muntasir.nsuers.com,FALSE,,,0.0906135864414241,0.963862059231454,0.244109865551826
patronatoinas.co.uk,FALSE,,,0.0436929890395527,0.00361216445412997,0.284060126534245
chinaduediligence.co.uk,FALSE,,,0.977741861472711,0.801662466384003,0.96666129173822
shop.delivercart.co.uk,FALSE,,,0.54268936130873,0.146087462234816,0.138935810841245
en.sieteinsights.com,FALSE,,,0.152939130469729,0.194271101260027,0.783297329006922
*.geo.redis.cache.windows.net,FALSE,,,0.201500301625599,0.299326604676867,0.412547147362209
duerdenbros.co.uk,FALSE,,,0.379210020895677,0.829687724083618,0.135152023987249
insidesportsworld.com,FALSE,,,0.548058000071978,0.288150235449064,0.149615409885015
autodiscover.toptier-group.co.za,FALSE,,,0.731753410990677,0.575476437771979,0.700939657284152
vapotlan.com,FALSE,,,0.520007203139051,0.570831568700506,0.626686220387684
nl-nl.bakker.com,FALSE,,,0.936290234507323,0.458097518640006,0.781364434731871
stitchesbyelise.com,FALSE,,,0.738021215036852,0.963201410341542,0.868111627902644
www.hawaiiautodealer.com,FALSE,,,0.338356125714094,0.0082258826623103,0.836185864053856
www.hawaiiautodealer.com,FALSE,,,0.919887008626843,0.134609046052588,0.585014420553191
*.info-aha.dk,FALSE,,,0.403450676225726,0.290228664419079,0.656799988579539
www.skyvibration.com,FALSE,,,0.666817280913278,0.685873106439559,0.399970283789995
allow-yourself.gerasimov-trading.ru,FALSE,,,0.358119319530358,0.6828985640749,0.362886972357539
blog.zenwall.com.br,FALSE,,,0.333449261908625,0.0149675072222714,0.106703901909076
spicene.com,FALSE,,,0.675516491178441,0.173030229746604,0.846524263778336
*.b1a5bebfd66eb723b78907c2.keenetic.io,FALSE,,,0.908966505857971,0.969013031852613,0.869694549319918
halifax-authorisation-security-check-onlinebanking.link,TRUE,SOCIAL_ENGINEERING,ANY_PLATFORM,0.989586049577707,0.0940046094033431,0.103348626620626
cpanel.ozor.co.il,FALSE,,,0.471850282404388,0.311769355505756,0.675845580249124
nowshop.site,FALSE,,,0.911886103191321,0.0985197889668767,0.0221607491687415
tdauria.com,FALSE,,,0.69878830888203,0.707096329653018,0.895269251925342
www.lichylaw.co,FALSE,,,0.512723479898063,0.535702146256889,0.599531892807957
shop.secure.fctrades.com,FALSE,,,0.512986365024686,0.15973843055554,0.353403889886382
www.shoples-aimants.com,FALSE,,,0.81464908398128,0.218143400158436,0.956793008904603
www.ketonetrack.com,FALSE,,,0.97493625425045,0.245024411636338,0.805744184059649
energreenco.sulushash.com,FALSE,,,0.670422377459635,0.406505884759058,0.212631976003393
ubestside.com,FALSE,,,0.67448847246511,0.849882910147273,0.819943780118766
store.developer.iskylib.net,TRUE,UNWANTED_SOFTWARE,ANY_PLATFORM,0.136679402947094,0.687776215069658,0.860184783898962
golubich.at,FALSE,,,0.793031489751881,0.363387718362306,0.659882988927417